Temp,Si@Fcc,Co@Fcc,Ti@Fcc,Cr@Fcc,Mn@Fcc,Fe@Fcc,Al@Fcc,Nb@Fcc,Mo@Fcc,Si@Liquid,Co@Liquid,Ti@Liquid,Cr@Liquid,Mn@Liquid,Fe@Liquid,Al@Liquid,Nb@Liquid,Mo@Liquid
1535,0.00718118,0.00983634,0.0108099,0.211863,0.0036842,0.173228,0.0107177,0.0322326,0.0187265,0.0154533,0.00694292,0.0288064,0.140514,0.00478228,0.150559,0.0136103,0.0748566,0.0142622
1536,0.00714174,0.00985038,0.0107231,0.212208,0.00367876,0.173338,0.0107031,0.0320257,0.0187482,0.0153037,0.00696784,0.0285944,0.141203,0.00478512,0.150805,0.0136453,0.0744916,0.0142886
1537,0.00710287,0.00986448,0.0106364,0.212555,0.00367317,0.173448,0.0106878,0.0318179,0.0187702,0.015156,0.00699288,0.028383,0.141895,0.00478775,0.15105,0.0136792,0.074124,0.0143152
1538,0.00706459,0.00987865,0.0105499,0.212902,0.00366744,0.173557,0.0106719,0.0316091,0.0187924,0.0150101,0.00701804,0.0281723,0.142589,0.00479016,0.151294,0.013712,0.0737539,0.0143422
1539,0.00702687,0.00989288,0.0104636,0.21325,0.00366155,0.173667,0.0106554,0.0313994,0.0188149,0.014866,0.00704333,0.0279622,0.143285,0.00479236,0.151536,0.0137436,0.0733813,0.0143694
1540,0.00698972,0.00990718,0.0103774,0.213598,0.00365552,0.173776,0.0106382,0.0311889,0.0188375,0.0147237,0.00706874,0.0277528,0.143983,0.00479434,0.151778,0.0137741,0.0730062,0.014397
1541,0.00695313,0.00992153,0.0102914,0.213948,0.00364934,0.173886,0.0106203,0.0309775,0.0188604,0.0145833,0.00709428,0.0275441,0.144683,0.00479609,0.152019,0.0138034,0.0726287,0.0144248
1542,0.00691709,0.00993594,0.0102056,0.214298,0.003643,0.173996,0.0106017,0.0307652,0.0188835,0.0144446,0.00711995,0.027336,0.145385,0.00479762,0.152259,0.0138315,0.0722487,0.014453
1543,0.00688161,0.00995041,0.0101199,0.214648,0.00363651,0.174106,0.0105824,0.0305522,0.0189068,0.0143077,0.00714574,0.0271286,0.146089,0.00479893,0.152499,0.0138584,0.0718664,0.0144814
1544,0.00684668,0.00996493,0.0100345,0.215,0.00362986,0.174215,0.0105625,0.0303384,0.0189304,0.0141725,0.00717166,0.0269218,0.146795,0.00480001,0.152737,0.0138841,0.0714817,0.0145102
1545,0.00681228,0.00997951,0.00994923,0.215351,0.00362306,0.174325,0.0105419,0.0301239,0.0189542,0.0140391,0.00719771,0.0267156,0.147503,0.00480085,0.152974,0.0139086,0.0710946,0.0145393
1546,0.00677842,0.00999414,0.00986416,0.215704,0.00361611,0.174435,0.0105206,0.0299086,0.0189782,0.0139074,0.00722389,0.0265101,0.148213,0.00480146,0.153211,0.0139318,0.0707053,0.0145687
1547,0.0067451,0.0100088,0.00977929,0.216056,0.00360899,0.174545,0.0104987,0.0296927,0.0190024,0.0137774,0.0072502,0.0263051,0.148925,0.00480184,0.153447,0.0139538,0.0703137,0.0145984
1548,0.00671229,0.0100236,0.00969462,0.216409,0.00360172,0.174655,0.010476,0.0294761,0.0190269,0.0136492,0.00727664,0.0261007,0.149639,0.00480198,0.153682,0.0139745,0.0699198,0.0146285
1549,0.00668001,0.0100383,0.00961016,0.216762,0.00359428,0.174766,0.0104527,0.0292589,0.0190516,0.0135226,0.00730321,0.0258969,0.150355,0.00480188,0.153916,0.0139939,0.0695237,0.0146589
1550,0.00664824,0.0100532,0.00952591,0.217116,0.00358668,0.174876,0.0104286,0.0290411,0.0190765,0.0133976,0.00732992,0.0256938,0.151073,0.00480154,0.15415,0.0140121,0.0691255,0.0146896
1551,0.00661698,0.010068,0.00944187,0.21747,0.00357893,0.174986,0.0104039,0.0288226,0.0191017,0.0132743,0.00735676,0.0254911,0.151793,0.00480095,0.154383,0.0140289,0.068725,0.0147206
1552,0.00658622,0.010083,0.00935806,0.217824,0.003571,0.175097,0.0103785,0.0286037,0.0191271,0.0131527,0.00738373,0.0252891,0.152515,0.00480012,0.154615,0.0140445,0.0683225,0.014752
1553,0.00655595,0.0100979,0.00927446,0.218178,0.00356292,0.175207,0.0103524,0.0283842,0.0191527,0.0130327,0.00741083,0.0250876,0.153239,0.00479904,0.154847,0.0140587,0.0679178,0.0147837
1554,0.00652617,0.0101129,0.0091911,0.218533,0.00355466,0.175318,0.0103256,0.0281642,0.0191786,0.0129142,0.00743807,0.0248866,0.153965,0.0047977,0.155078,0.0140716,0.0675111,0.0148158
1555,0.00649688,0.010128,0.00910797,0.218887,0.00354624,0.175429,0.0102981,0.0279438,0.0192047,0.0127973,0.00746544,0.0246863,0.154693,0.00479611,0.155309,0.0140832,0.0671023,0.0148482
1556,0.00646807,0.010143,0.00902507,0.219241,0.00353766,0.17554,0.01027,0.0277229,0.019231,0.012682,0.00749295,0.0244864,0.155423,0.00479426,0.155539,0.0140934,0.0666915,0.014881
1557,0.00643972,0.0101581,0.00894241,0.219596,0.0035289,0.17565,0.0102411,0.0275016,0.0192576,0.0125683,0.00752059,0.0242871,0.156154,0.00479215,0.155769,0.0141023,0.0662787,0.0149141
1558,0.00641184,0.0101733,0.00886,0.21995,0.00351997,0.175762,0.0102116,0.0272799,0.0192844,0.012456,0.00754837,0.0240883,0.156888,0.00478978,0.155998,0.0141097,0.0658639,0.0149476
1559,0.00638441,0.0101885,0.00877783,0.220304,0.00351087,0.175873,0.0101813,0.0270579,0.0193114,0.0123453,0.00757628,0.02389,0.157624,0.00478715,0.156227,0.0141159,0.0654472,0.0149815
1560,0.00635744,0.0102037,0.00869592,0.220658,0.00350159,0.175984,0.0101504,0.0268355,0.0193387,0.012236,0.00760433,0.0236923,0.158361,0.00478424,0.156456,0.0141206,0.0650286,0.0150157
1561,0.00633091,0.0102189,0.00861426,0.221012,0.00349215,0.176096,0.0101188,0.0266128,0.0193663,0.0121282,0.00763251,0.023495,0.1591,0.00478106,0.156684,0.0141239,0.0646081,0.0150503
1562,0.00630482,0.0102342,0.00853286,0.221365,0.00348252,0.176207,0.0100865,0.0263898,0.0193941,0.0120219,0.00766083,0.0232983,0.159841,0.00477761,0.156911,0.0141259,0.0641858,0.0150853
1563,0.00627916,0.0102494,0.00845172,0.221718,0.00347272,0.176319,0.0100535,0.0261666,0.0194221,0.011917,0.00768929,0.023102,0.160584,0.00477389,0.157139,0.0141264,0.0637616,0.0151207
1564,0.00625393,0.0102648,0.00837085,0.22207,0.00346275,0.176431,0.0100198,0.0259431,0.0194504,0.0118135,0.00771788,0.0229063,0.161329,0.00476988,0.157366,0.0141256,0.0633356,0.0151564
1565,0.00622911,0.0102801,0.00829024,0.222422,0.00345259,0.176543,0.00998546,0.0257194,0.0194789,0.0117114,0.00774661,0.022711,0.162076,0.00476559,0.157593,0.0141233,0.0629079,0.0151925
1566,0.00620471,0.0102954,0.00820991,0.222774,0.00344225,0.176655,0.00995042,0.0254955,0.0195077,0.0116106,0.00777548,0.0225162,0.162824,0.00476101,0.15782,0.0141196,0.0624784,0.015229
1567,0.00618071,0.0103108,0.00812986,0.223125,0.00343173,0.176768,0.0099147,0.0252714,0.0195368,0.0115113,0.00780448,0.022322,0.163574,0.00475615,0.158046,0.0141144,0.0620472,0.015266
1568,0.00615711,0.0103262,0.00805009,0.223475,0.00342103,0.176881,0.00987831,0.0250472,0.019566,0.0114132,0.00783361,0.0221281,0.164326,0.00475099,0.158273,0.0141078,0.0616143,0.0153033
1569,0.0061339,0.0103415,0.00797059,0.223825,0.00341015,0.176993,0.00984123,0.0248229,0.0195956,0.0113165,0.00786288,0.0219348,0.165079,0.00474554,0.158499,0.0140998,0.0611797,0.015341
1570,0.00611107,0.0103569,0.00789139,0.224173,0.00339907,0.177106,0.00980348,0.0245985,0.0196254,0.011221,0.00789229,0.0217419,0.165834,0.00473978,0.158725,0.0140903,0.0607435,0.0153791
1571,0.00608863,0.0103723,0.00781247,0.224521,0.00338782,0.17722,0.00976506,0.0243741,0.0196555,0.0111269,0.00792183,0.0215495,0.166591,0.00473373,0.158951,0.0140794,0.0603057,0.0154177
1572,0.00606656,0.0103877,0.00773384,0.224868,0.00337637,0.177333,0.00972597,0.0241496,0.0196858,0.011034,0.0079515,0.0213575,0.167349,0.00472737,0.159177,0.014067,0.0598662,0.0154567
1573,0.00604485,0.0104031,0.00765551,0.225214,0.00336474,0.177447,0.00968621,0.023925,0.0197164,0.0109423,0.0079813,0.021166,0.168109,0.0047207,0.159403,0.0140531,0.0594253,0.0154961
1574,0.0060235,0.0104185,0.00757747,0.225559,0.00335291,0.17756,0.00964578,0.0237005,0.0197473,0.0108519,0.00801124,0.020975,0.168871,0.00471372,0.159628,0.0140378,0.0589828,0.0155359
1575,0.0060025,0.0104339,0.00749973,0.225903,0.00334089,0.177674,0.00960469,0.023476,0.0197785,0.0107627,0.00804131,0.0207844,0.169633,0.00470642,0.159854,0.014021,0.0585387,0.0155762
1576,0.00598185,0.0104493,0.0074223,0.226246,0.00332868,0.177789,0.00956293,0.0232515,0.0198099,0.0106746,0.0080715,0.0205942,0.170398,0.00469881,0.16008,0.0140027,0.0580932,0.0156169
1577,0.00596154,0.0104647,0.00734517,0.226587,0.00331628,0.177903,0.00952052,0.0230271,0.0198416,0.0105877,0.00810183,0.0204045,0.171163,0.00469087,0.160306,0.013983,0.0576463,0.015658
1578,0.00594156,0.0104801,0.00726835,0.226927,0.00330368,0.178018,0.00947745,0.0228028,0.0198736,0.010502,0.00813229,0.0202152,0.17193,0.0046826,0.160532,0.0139617,0.0571979,0.0156996
1579,0.0059219,0.0104954,0.00719184,0.227266,0.00329088,0.178133,0.00943373,0.0225786,0.0199058,0.0104174,0.00816287,0.0200264,0.172698,0.00467401,0.160758,0.013939,0.0567481,0.0157416
1580,0.00590257,0.0105108,0.00711564,0.227603,0.00327788,0.178248,0.00938935,0.0223545,0.0199384,0.010334,0.00819357,0.019838,0.173468,0.00466508,0.160984,0.0139147,0.056297,0.0157841
1581,0.00588354,0.0105261,0.00703975,0.227939,0.00326469,0.178364,0.00934433,0.0221305,0.0199712,0.0102516,0.0082244,0.01965,0.174238,0.00465581,0.161211,0.013889,0.0558445,0.0158271
1582,0.00586483,0.0105414,0.00696418,0.228273,0.00325129,0.17848,0.00929866,0.0219068,0.0200044,0.0101703,0.00825536,0.0194625,0.17501,0.00464621,0.161437,0.0138618,0.0553907,0.0158706
1583,0.00584641,0.0105566,0.00688892,0.228606,0.00323769,0.178596,0.00925235,0.0216832,0.0200378,0.0100901,0.00828643,0.0192754,0.175783,0.00463625,0.161664,0.0138331,0.0549356,0.0159145
1584,0.00582829,0.0105719,0.00681399,0.228936,0.00322389,0.178712,0.0092054,0.0214598,0.0200715,0.0100109,0.00831762,0.0190887,0.176557,0.00462595,0.161891,0.0138028,0.0544792,0.0159589
1585,0.00581045,0.0105871,0.00673938,0.229265,0.00320988,0.178829,0.00915781,0.0212367,0.0201056,0.00993276,0.00834893,0.0189025,0.177331,0.0046153,0.162118,0.0137711,0.0540216,0.0160038
1586,0.0057929,0.0106022,0.00666509,0.229592,0.00319566,0.178946,0.00910959,0.0210138,0.0201399,0.00985562,0.00838035,0.0187167,0.178107,0.00460428,0.162346,0.0137378,0.0535628,0.0160492
1587,0.00577562,0.0106173,0.00659113,0.229917,0.00318124,0.179063,0.00906074,0.0207912,0.0201746,0.00977949,0.00841188,0.0185313,0.178883,0.00459291,0.162574,0.0137031,0.0531028,0.0160951
1588,0.0057586,0.0106324,0.00651749,0.23024,0.00316661,0.179181,0.00901126,0.0205688,0.0202096,0.00970433,0.00844353,0.0183463,0.17966,0.00458117,0.162802,0.0136668,0.0526417,0.0161415
1589,0.00574185,0.0106475,0.00644418,0.23056,0.00315177,0.179299,0.00896116,0.0203468,0.0202449,0.00963014,0.00847528,0.0181617,0.180438,0.00456907,0.16303,0.013629,0.0521794,0.0161884
1590,0.00572535,0.0106624,0.0063712,0.230878,0.00313672,0.179417,0.00891043,0.0201251,0.0202805,0.00955691,0.00850713,0.0179776,0.181216,0.00455659,0.163259,0.0135897,0.0517161,0.0162359
1591,0.0057091,0.0106774,0.00629856,0.231194,0.00312145,0.179536,0.00885909,0.0199037,0.0203164,0.0094846,0.00853909,0.0177939,0.181994,0.00454373,0.163488,0.0135489,0.0512516,0.0162839
1592,0.0056931,0.0106922,0.00622624,0.231508,0.00310597,0.179655,0.00880714,0.0196827,0.0203527,0.00941322,0.00857114,0.0176106,0.182773,0.00453049,0.163718,0.0135065,0.0507862,0.0163324
1593,0.00567732,0.010707,0.00615426,0.231819,0.00309027,0.179775,0.00875457,0.019462,0.0203894,0.00934273,0.0086033,0.0174277,0.183552,0.00451687,0.163948,0.0134627,0.0503197,0.0163814
1594,0.00566178,0.0107218,0.00608261,0.232127,0.00307436,0.179895,0.0087014,0.0192418,0.0204264,0.00927314,0.00863554,0.0172452,0.184332,0.00450285,0.164179,0.0134173,0.0498523,0.016431
1595,0.00564646,0.0107364,0.0060113,0.232432,0.00305823,0.180015,0.00864762,0.019022,0.0204637,0.00920441,0.00866787,0.0170632,0.185111,0.00448845,0.16441,0.0133704,0.0493839,0.0164812
1596,0.00563135,0.010751,0.00594033,0.232735,0.00304188,0.180136,0.00859324,0.0188026,0.0205014,0.00913655,0.00870029,0.0168816,0.18589,0.00447364,0.164641,0.013322,0.0489146,0.0165319
1597,0.00561646,0.0107655,0.0058697,0.233035,0.00302531,0.180257,0.00853826,0.0185836,0.0205394,0.00906953,0.00873278,0.0167004,0.186669,0.00445843,0.164873,0.013272,0.0484444,0.0165832
1598,0.00560176,0.0107799,0.0057994,0.233331,0.00300852,0.180379,0.00848269,0.0183651,0.0205779,0.00900333,0.00876536,0.0165196,0.187448,0.00444282,0.165106,0.0132206,0.0479733,0.0166351
1599,0.00558727,0.0107943,0.00572944,0.233624,0.0029915,0.180501,0.00842653,0.0181471,0.0206167,0.00893796,0.008798,0.0163392,0.188227,0.0044268,0.165339,0.0131676,0.0475014,0.0166876
1600,0.00557296,0.0108085,0.00565983,0.233915,0.00297426,0.180623,0.00836978,0.0179296,0.0206559,0.00887338,0.00883071,0.0161593,0.189005,0.00441036,0.165572,0.0131131,0.0470288,0.0167407
1601,0.00555883,0.0108226,0.00559056,0.234201,0.0029568,0.180747,0.00831245,0.0177126,0.0206954,0.00880958,0.00886349,0.0159798,0.189782,0.0043935,0.165807,0.0130571,0.0465553,0.0167944
1602,0.00554488,0.0108367,0.00552162,0.234484,0.0029391,0.18087,0.00825454,0.0174961,0.0207354,0.00874656,0.00889632,0.0158007,0.190558,0.00437622,0.166042,0.0129995,0.0460812,0.0168487
1603,0.0055311,0.0108506,0.00545304,0.234764,0.00292119,0.180995,0.00819606,0.0172802,0.0207758,0.00868429,0.00892921,0.015622,0.191334,0.00435851,0.166277,0.0129405,0.0456063,0.0169036
1604,0.00551748,0.0108644,0.00538479,0.23504,0.00290304,0.181119,0.008137,0.0170648,0.0208166,0.00862277,0.00896214,0.0154438,0.192108,0.00434038,0.166514,0.0128799,0.0451308,0.0169592
1605,0.00550402,0.010878,0.00531689,0.235311,0.00288466,0.181245,0.00807737,0.01685,0.0208578,0.00856198,0.00899511,0.015266,0.192881,0.0043218,0.166751,0.0128178,0.0446547,0.0170155
1606,0.0054907,0.0108916,0.00524933,0.235579,0.00286605,0.181371,0.00801718,0.0166358,0.0208994,0.0085019,0.00902812,0.0150886,0.193653,0.00430279,0.166988,0.0127542,0.0441779,0.0170723
1607,0.00547753,0.010905,0.00518212,0.235843,0.00284721,0.181497,0.00795643,0.0164222,0.0209415,0.00844253,0.00906115,0.0149117,0.194423,0.00428333,0.167227,0.0126891,0.0437006,0.0171299
1608,0.00546449,0.0109183,0.00511526,0.236102,0.00282814,0.181625,0.00789512,0.0162092,0.020984,0.00838384,0.00909421,0.0147352,0.195191,0.00426343,0.167466,0.0126225,0.0432228,0.0171881
1609,0.00545157,0.0109314,0.00504874,0.236357,0.00280884,0.181753,0.00783325,0.0159969,0.021027,0.00832583,0.00912728,0.0145591,0.195958,0.00424307,0.167707,0.0125543,0.0427445,0.0172471
1610,0.00543878,0.0109443,0.00498257,0.236607,0.0027893,0.181881,0.00777084,0.0157852,0.0210705,0.00826848,0.00916036,0.0143835,0.196722,0.00422226,0.167948,0.0124847,0.0422658,0.0173067
1611,0.00542609,0.0109571,0.00491674,0.236853,0.00276952,0.182011,0.00770788,0.0155742,0.0211144,0.00821178,0.00919344,0.0142083,0.197484,0.00420099,0.16819,0.0124136,0.0417866,0.017367
1612,0.00541351,0.0109698,0.00485127,0.237093,0.00274951,0.182141,0.00764437,0.0153638,0.0211588,0.00815572,0.00922651,0.0140336,0.198244,0.00417926,0.168433,0.0123409,0.041307,0.0174281
1613,0.00540102,0.0109822,0.00478614,0.237329,0.00272926,0.182271,0.00758033,0.0151541,0.0212037,0.00810027,0.00925956,0.0138593,0.199001,0.00415706,0.168676,0.0122668,0.0408272,0.0174899
1614,0.00538862,0.0109945,0.00472136,0.23756,0.00270878,0.182403,0.00751576,0.0149452,0.0212491,0.00804543,0.00929259,0.0136855,0.199755,0.00413439,0.168921,0.0121911,0.040347,0.0175525
1615,0.0053763,0.0110065,0.00465692,0.237785,0.00268806,0.182535,0.00745065,0.014737,0.021295,0.00799119,0.00932558,0.0135121,0.200506,0.00411124,0.169167,0.012114,0.0398665,0.0176158
1616,0.00536405,0.0110184,0.00459284,0.238004,0.0026671,0.182669,0.00738502,0.0145295,0.0213414,0.00793753,0.00935852,0.0133392,0.201254,0.00408762,0.169414,0.0120354,0.0393859,0.0176799
1617,0.00535186,0.01103,0.0045291,0.238218,0.0026459,0.182803,0.00731886,0.0143228,0.0213884,0.00788444,0.00939141,0.0131668,0.201998,0.00406351,0.169661,0.0119553,0.038905,0.0177448
1618,0.00533972,0.0110415,0.00446572,0.238426,0.00262446,0.182938,0.00725219,0.0141168,0.0214359,0.00783189,0.00942424,0.0129948,0.202738,0.00403892,0.16991,0.0118738,0.038424,0.0178105
1619,0.00532762,0.0110527,0.00440268,0.238628,0.00260278,0.183073,0.00718501,0.0139116,0.021484,0.00777989,0.00945699,0.0128233,0.203474,0.00401384,0.170161,0.0117907,0.0379429,0.017877
1620,0.00531556,0.0110636,0.00433999,0.238824,0.00258086,0.18321,0.00711731,0.0137072,0.0215327,0.00772842,0.00948966,0.0126523,0.204206,0.00398827,0.170412,0.0117062,0.0374617,0.0179443
1621,0.00530352,0.0110743,0.00427766,0.239013,0.0025587,0.183348,0.00704911,0.0135036,0.0215819,0.00767745,0.00952222,0.0124818,0.204933,0.00396221,0.170664,0.0116203,0.0369805,0.0180125
1622,0.00529149,0.0110847,0.00421567,0.239196,0.0025363,0.183487,0.00698041,0.0133009,0.0216318,0.00762698,0.00955467,0.0123117,0.205656,0.00393565,0.170918,0.0115329,0.0364994,0.0180816
1623,0.00527947,0.0110949,0.00415403,0.239371,0.00251366,0.183627,0.00691121,0.0130989,0.0216823,0.007577,0.009587,0.0121422,0.206373,0.00390859,0.171173,0.011444,0.0360183,0.0181516
1624,0.00526744,0.0111048,0.00409274,0.23954,0.00249079,0.183767,0.00684153,0.0128978,0.0217334,0.00752748,0.00961919,0.0119731,0.207085,0.00388103,0.171429,0.0113537,0.0355373,0.0182224
1625,0.00525539,0.0111143,0.00403181,0.239702,0.00246767,0.183909,0.00677135,0.0126976,0.0217851,0.00747842,0.00965122,0.0118046,0.207792,0.00385296,0.171687,0.0112619,0.0350565,0.0182942
1626,0.0052433,0.0111236,0.00397122,0.239856,0.00244431,0.184052,0.0067007,0.0124983,0.0218376,0.0074298,0.00968309,0.0116366,0.208492,0.00382438,0.171946,0.0111687,0.0345759,0.0183669
1627,0.00523118,0.0111325,0.00391099,0.240002,0.00242071,0.184196,0.00662956,0.0122998,0.0218907,0.0073816,0.00971478,0.011469,0.209186,0.0037953,0.172206,0.0110741,0.0340955,0.0184406
1628,0.005219,0.0111411,0.00385111,0.24014,0.00239687,0.184342,0.00655796,0.0121023,0.0219445,0.00733381,0.00974626,0.0113021,0.209873,0.0037657,0.172468,0.0109781,0.0336155,0.0185152
1629,0.00520677,0.0111493,0.00379158,0.24027,0.00237279,0.184488,0.00648591,0.0119057,0.021999,0.00728644,0.00977751,0.0111356,0.210553,0.00373558,0.172732,0.0108807,0.0331357,0.0185909
1630,0.00519457,0.011157,0.00373236,0.240386,0.00234837,0.184636,0.00641303,0.0117098,0.0220543,0.00723962,0.0098084,0.0109695,0.211221,0.0037048,0.172996,0.0107812,0.0326561,0.0186678
