Temp,"HSN[Si,Si]@Fcc","HSN[Co,Co]@Fcc","HSN[Ti,Ti]@Fcc","HSN[Cr,Cr]@Fcc","HSN[Mn,Mn]@Fcc","HSN[Fe,Fe]@Fcc","HSN[Al,Al]@Fcc","HSN[Nb,Nb]@Fcc","HSN[Mo,Mo]@Fcc","HSN[Si,Co]@Fcc","HSN[Si,Ti]@Fcc","HSN[Si,Cr]@Fcc","HSN[Si,Mn]@Fcc","HSN[Si,Fe]@Fcc","HSN[Si,Al]@Fcc","HSN[Si,Nb]@Fcc","HSN[Si,Mo]@Fcc","HSN[Co,Ti]@Fcc","HSN[Co,Cr]@Fcc","HSN[Co,Mn]@Fcc","HSN[Co,Fe]@Fcc","HSN[Co,Al]@Fcc","HSN[Co,Nb]@Fcc","HSN[Co,Mo]@Fcc","HSN[Ti,Cr]@Fcc","HSN[Ti,Mn]@Fcc","HSN[Ti,Fe]@Fcc","HSN[Ti,Al]@Fcc","HSN[Ti,Nb]@Fcc","HSN[Ti,Mo]@Fcc","HSN[Cr,Mn]@Fcc","HSN[Cr,Fe]@Fcc","HSN[Cr,Al]@Fcc","HSN[Cr,Nb]@Fcc","HSN[Cr,Mo]@Fcc","HSN[Mn,Fe]@Fcc","HSN[Mn,Al]@Fcc","HSN[Mn,Nb]@Fcc","HSN[Mn,Mo]@Fcc","HSN[Fe,Al]@Fcc","HSN[Fe,Nb]@Fcc","HSN[Fe,Mo]@Fcc","HSN[Al,Nb]@Fcc","HSN[Al,Mo]@Fcc","HSN[Nb,Mo]@Fcc"
1535,2.43914e+06,1.32349e+06,1.56032e+06,113923,3.53977e+06,108686,1.46997e+06,764899,688434,40997.6,419874,161101,207282,148312,386311,379345,267350,56192.7,8602.01,27229.9,23471.9,54815.3,119042,8518.1,210905,200515,134607,243706,289566,181550,67480.7,40970.3,148756,164930,28675.9,53023.2,150934,189964,37490.6,115166,115283,54241.1,220763,164328,152693
1536,2.45012e+06,1.32256e+06,1.57067e+06,113919,3.54719e+06,108725,1.47235e+06,767717,688119,41072.7,419882,161116,207299,148331,386303,379363,267372,56223,8663.8,27278.9,23506,54839.6,119083,8585.85,210955,200571,134632,243760,289603,181594,67554.9,41003.4,148804,164976,28740.8,53053,150977,190003,37540.6,115196,115289,54277.3,220796,164328,152740
1537,2.46107e+06,1.32161e+06,1.58117e+06,113916,3.55477e+06,108763,1.4748e+06,770584,687798,41147.8,419890,161131,207315,148350,386296,379382,267395,56253.2,8725.77,27327.9,23540.2,54863.9,119125,8653.75,211005,200626,134657,243814,289639,181637,67629.1,41036.5,148852,165024,28806,53082.6,151021,190042,37590.7,115226,115295,54313.5,220829,164327,152788
1538,2.47199e+06,1.32066e+06,1.59182e+06,113913,3.56251e+06,108802,1.47734e+06,773501,687469,41222.8,419897,161145,207331,148368,386287,379401,267417,56283.4,8787.91,27377,23574.3,54888.1,119168,8721.8,211055,200681,134682,243867,289676,181681,67703.4,41069.6,148900,165071,28871.2,53112.1,151064,190081,37640.8,115256,115301,54349.6,220861,164326,152835
1539,2.48289e+06,1.31971e+06,1.60263e+06,113910,3.57042e+06,108840,1.47996e+06,776468,687133,41297.9,419904,161160,207347,148386,386279,379419,267439,56313.6,8850.2,27426.2,23608.4,54912.2,119210,8789.98,211105,200736,134707,243921,289713,181725,67777.8,41102.6,148948,165119,28936.7,53141.5,151107,190120,37691,115286,115307,54385.7,220894,164325,152883
1540,2.49375e+06,1.31875e+06,1.6136e+06,113907,3.5785e+06,108878,1.48267e+06,779487,686790,41373,419911,161174,207363,148405,386270,379438,267461,56343.8,8912.66,27475.5,23642.5,54936.3,119252,8858.3,211155,200791,134731,243974,289750,181768,67852.2,41135.5,148996,165166,29002.2,53170.8,151150,190159,37741.2,115316,115313,54421.7,220927,164325,152931
1541,2.50459e+06,1.31779e+06,1.62473e+06,113904,3.58675e+06,108915,1.48546e+06,782559,686440,41448,419917,161189,207379,148423,386261,379456,267483,56373.9,8975.26,27524.7,23676.5,54960.3,119295,8926.75,211205,200846,134755,244027,289787,181812,67926.7,41168.4,149044,165214,29067.9,53200,151192,190199,37791.4,115345,115319,54457.6,220959,164324,152979
1542,2.51538e+06,1.31682e+06,1.63603e+06,113902,3.59517e+06,108953,1.48833e+06,785684,686083,41523,419924,161203,207394,148441,386252,379475,267505,56404.1,9038.01,27574.1,23710.5,54984.3,119338,8995.32,211255,200901,134779,244080,289824,181855,68001.3,41201.3,149092,165262,29133.8,53229,151235,190238,37841.7,115375,115325,54493.5,220992,164323,153027
1543,2.52614e+06,1.31584e+06,1.64749e+06,113899,3.60377e+06,108990,1.49129e+06,788864,685719,41598,419930,161217,207410,148458,386243,379494,267527,56434.1,9100.9,27623.4,23744.5,55008.1,119381,9064.01,211305,200955,134803,244133,289861,181899,68075.8,41234.1,149140,165311,29199.7,53257.9,151278,190278,37892,115404,115331,54529.4,221024,164322,153076
1544,2.53686e+06,1.31487e+06,1.65913e+06,113897,3.61256e+06,109027,1.49434e+06,792100,685348,41672.9,419936,161232,207425,148476,386233,379512,267548,56464.2,9163.91,27672.8,23778.5,55031.9,119424,9132.81,211354,201010,134827,244185,289898,181942,68150.5,41266.8,149187,165359,29265.8,53286.6,151320,190317,37942.3,115432,115337,54565.2,221057,164322,153124
1545,2.54755e+06,1.31389e+06,1.67094e+06,113895,3.62153e+06,109064,1.49749e+06,795392,684970,41747.8,419942,161246,207440,148494,386223,379530,267570,56494.2,9227.05,27722.3,23812.4,55055.5,119467,9201.72,211404,201064,134850,244237,289935,181986,68225.1,41299.5,149235,165408,29332.1,53315.3,151362,190357,37992.6,115461,115342,54601,221090,164321,153173
1546,2.55819e+06,1.3129e+06,1.68293e+06,113893,3.63068e+06,109100,1.50072e+06,798742,684585,41822.7,419947,161260,207455,148511,386213,379549,267591,56524.2,9290.31,27771.7,23846.3,55079.1,119511,9270.74,211454,201118,134874,244289,289972,182029,68299.8,41332.1,149283,165457,29398.4,53343.8,151404,190397,38043,115489,115348,54636.7,221122,164320,153222
1547,2.56878e+06,1.31192e+06,1.6951e+06,113891,3.64003e+06,109137,1.50404e+06,802150,684193,41897.5,419952,161274,207469,148528,386202,379567,267613,56554.1,9353.68,27821.2,23880.2,55102.5,119554,9339.85,211504,201173,134897,244341,290009,182073,68374.5,41364.6,149330,165506,29464.9,53372.1,151446,190436,38093.3,115517,115354,54672.3,221155,164319,153271
1548,2.57934e+06,1.31092e+06,1.70746e+06,113889,3.64957e+06,109173,1.50746e+06,805618,683794,41972.2,419957,161288,207484,148545,386191,379585,267634,56584,9417.16,27870.7,23914,55125.8,119598,9409.04,211554,201227,134920,244393,290046,182116,68449.3,41397,149378,165555,29531.4,53400.4,151488,190476,38143.7,115545,115360,54707.9,221187,164319,153320
1549,2.58984e+06,1.30993e+06,1.72001e+06,113888,3.65931e+06,109208,1.51098e+06,809148,683388,42046.8,419962,161302,207498,148562,386180,379604,267655,56613.9,9480.73,27920.1,23947.7,55149,119642,9478.33,211603,201281,134942,244444,290083,182160,68524,41429.4,149425,165604,29598.1,53428.5,151529,190516,38194.1,115573,115365,54743.5,221220,164318,153370
1550,2.6003e+06,1.30893e+06,1.73274e+06,113886,3.66925e+06,109244,1.51459e+06,812740,682975,42121.4,419967,161316,207512,148579,386169,379622,267677,56643.7,9544.4,27969.6,23981.4,55172,119686,9547.69,211653,201334,134965,244496,290120,182203,68598.8,41461.7,149473,165654,29664.9,53456.4,151570,190556,38244.5,115600,115371,54779,221252,164317,153419
1551,2.61071e+06,1.30793e+06,1.74568e+06,113885,3.6794e+06,109279,1.5183e+06,816395,682555,42195.9,419971,161330,207526,148595,386157,379640,267698,56673.5,9608.16,28019.1,24015.1,55194.9,119730,9617.13,211703,201388,134987,244547,290157,182246,68673.6,41494,149520,165703,29731.7,53484.2,151611,190596,38294.9,115627,115376,54814.5,221285,164316,153469
1552,2.62107e+06,1.30693e+06,1.75881e+06,113885,3.68976e+06,109314,1.52211e+06,820114,682128,42270.4,419975,161344,207540,148612,386145,379658,267719,56703.2,9671.99,28068.6,24048.6,55217.7,119774,9686.63,211753,201442,135010,244597,290194,182290,68748.4,41526.1,149567,165753,29798.7,53511.9,151652,190636,38345.3,115654,115382,54849.9,221317,164315,153519
1553,2.63137e+06,1.30593e+06,1.77215e+06,113884,3.70033e+06,109349,1.52602e+06,823900,681694,42344.7,419979,161358,207554,148628,386133,379676,267739,56732.8,9735.9,28118.1,24082.1,55240.2,119818,9756.2,211802,201495,135032,244648,290231,182333,68823.3,41558.2,149614,165803,29865.8,53539.4,151693,190677,38395.7,115680,115387,54885.2,221350,164314,153569
1554,2.64163e+06,1.30492e+06,1.78569e+06,113884,3.71112e+06,109384,1.53003e+06,827753,681254,42418.9,419983,161372,207568,148644,386120,379694,267760,56762.4,9799.88,28167.5,24115.6,55262.6,119863,9825.82,211852,201549,135054,244698,290268,182376,68898.1,41590.2,149661,165853,29932.9,53566.8,151733,190717,38446.1,115707,115393,54920.5,221382,164313,153619
1555,2.65183e+06,1.30392e+06,1.79945e+06,113884,3.72213e+06,109418,1.53415e+06,831674,680806,42493,419986,161386,207581,148660,386107,379712,267781,56792,9863.92,28217,24148.9,55284.9,119907,9895.49,211902,201602,135075,244748,290306,182419,68972.9,41622.1,149708,165903,30000.2,53594.1,151774,190757,38496.5,115733,115398,54955.7,221414,164312,153669
1556,2.66197e+06,1.30291e+06,1.81342e+06,113884,3.73337e+06,109452,1.53838e+06,835666,680351,42567,419990,161399,207594,148675,386094,379730,267801,56821.5,9928.01,28266.4,24182.2,55306.9,119952,9965.21,211951,201655,135097,244798,290343,182462,69047.8,41654,149755,165954,30067.5,53621.2,151814,190797,38546.8,115758,115404,54990.9,221446,164311,153719
1557,2.67206e+06,1.3019e+06,1.82761e+06,113884,3.74484e+06,109486,1.54271e+06,839729,679889,42640.9,419993,161413,207607,148691,386081,379748,267822,56850.9,9992.15,28315.7,24215.4,55328.8,119997,10035,212001,201708,135118,244848,290380,182505,69122.6,41685.7,149801,166004,30134.9,53648.1,151854,190838,38597.2,115784,115409,55026.1,221478,164310,153770
1558,2.68209e+06,1.30089e+06,1.84202e+06,113885,3.75654e+06,109520,1.54715e+06,843864,679421,42714.7,419996,161427,207620,148706,386067,379766,267842,56880.3,10056.3,28365.1,24248.5,55350.4,120042,10104.7,212050,201761,135139,244897,290417,182549,69197.4,41717.3,149848,166055,30202.3,53674.9,151893,190878,38647.5,115809,115414,55061.2,221510,164309,153820
1559,2.69206e+06,1.29988e+06,1.85667e+06,113886,3.76849e+06,109553,1.55171e+06,848074,678945,42788.3,419998,161440,207633,148721,386053,379784,267863,56909.6,10120.5,28414.4,24281.6,55371.9,120087,10174.6,212100,201813,135160,244946,290455,182592,69272.2,41748.9,149894,166106,30269.8,53701.6,151933,190919,38697.8,115833,115419,55096.2,221542,164307,153871
1560,2.70197e+06,1.29886e+06,1.87154e+06,113887,3.78068e+06,109586,1.55638e+06,852360,678463,42861.8,420001,161454,207645,148736,386039,379802,267883,56938.8,10184.8,28463.6,24314.5,55393.1,120132,10244.4,212149,201866,135181,244995,290492,182635,69347,41780.4,149941,166157,30337.4,53728.1,151972,190959,38748,115858,115425,55131.2,221574,164306,153922
1561,2.71183e+06,1.29785e+06,1.88666e+06,113889,3.79312e+06,109619,1.56116e+06,856724,677973,42935.1,420003,161467,207658,148751,386024,379819,267903,56968,10249,28512.8,24347.3,55414.1,120177,10314.2,212199,201919,135202,245044,290529,182677,69421.8,41811.7,149987,166208,30405.1,53754.4,152011,191000,38798.3,115882,115430,55166.1,221606,164305,153973
1562,2.72162e+06,1.29684e+06,1.90202e+06,113891,3.80581e+06,109651,1.56606e+06,861167,677477,43008.3,420005,161481,207670,148766,386009,379837,267923,56997.1,10313.3,28561.9,24380.1,55434.9,120222,10384.1,212248,201971,135223,245092,290567,182720,69496.5,41843,150033,166259,30472.8,53780.6,152049,191040,38848.5,115906,115435,55201,221638,164303,154024
1563,2.73136e+06,1.29583e+06,1.91763e+06,113893,3.81877e+06,109683,1.57108e+06,865690,676973,43081.3,420007,161494,207682,148780,385994,379855,267943,57026.2,10377.6,28610.9,24412.7,55455.4,120267,10453.9,212298,202023,135243,245141,290604,182763,69571.3,41874.2,150079,166311,30540.6,53806.6,152088,191081,38898.6,115929,115440,55235.8,221670,164302,154075
1564,2.74103e+06,1.29482e+06,1.93349e+06,113895,3.83199e+06,109715,1.57623e+06,870296,676463,43154.1,420009,161508,207694,148794,385979,379872,267963,57055.1,10441.9,28659.9,24445.2,55475.7,120313,10523.8,212347,202075,135263,245189,290641,182806,69646,41905.2,150125,166362,30608.4,53832.5,152126,191122,38948.7,115952,115445,55270.6,221701,164301,154127
1565,2.75064e+06,1.29381e+06,1.9496e+06,113898,3.84548e+06,109747,1.58149e+06,874987,675945,43226.8,420011,161521,207705,148809,385963,379890,267982,57084,10506.2,28708.8,24477.7,55495.7,120358,10593.6,212397,202128,135283,245236,290679,182849,69720.6,41936.2,150170,166414,30676.2,53858.2,152164,191162,38998.8,115975,115450,55305.3,221733,164299,154178
1566,2.76018e+06,1.2928e+06,1.96598e+06,113902,3.85925e+06,109778,1.58688e+06,879764,675421,43299.2,420013,161534,207717,148822,385947,379908,268002,57112.9,10570.5,28757.7,24509.9,55515.5,120404,10663.4,212446,202179,135303,245284,290716,182892,69795.3,41967,150216,166466,30744.1,53883.8,152202,191203,39048.8,115997,115455,55340,221764,164298,154230
1567,2.76967e+06,1.29179e+06,1.98264e+06,113905,3.87331e+06,109809,1.5924e+06,884629,674889,43371.5,420014,161548,207728,148836,385930,379925,268022,57141.6,10634.7,28806.4,24542.1,55535,120449,10733.2,212495,202231,135323,245331,290754,182934,69869.9,41997.8,150261,166518,30812,53909.2,152239,191244,39098.8,116019,115459,55374.7,221796,164296,154281
1568,2.77909e+06,1.29078e+06,1.99956e+06,113909,3.88765e+06,109840,1.59805e+06,889584,674351,43443.6,420015,161561,207740,148850,385914,379943,268041,57170.3,10698.9,28855,24574.2,55554.1,120495,10802.9,212545,202283,135343,245378,290791,182977,69944.4,42028.4,150306,166570,30880,53934.4,152276,191285,39148.7,116041,115464,55409.2,221827,164294,154333
1569,2.78845e+06,1.28978e+06,2.01677e+06,113914,3.90229e+06,109871,1.60384e+06,894631,673805,43515.5,420016,161575,207751,148863,385897,379960,268060,57198.9,10763.1,28903.6,24606.1,55573,120541,10872.7,212594,202335,135362,245425,290829,183020,70019,42059,150351,166623,30948,53959.4,152313,191325,39198.5,116062,115469,55443.8,221858,164293,154385
1570,2.79774e+06,1.28877e+06,2.03426e+06,113919,3.91724e+06,109901,1.60975e+06,899772,673252,43587.1,420017,161588,207762,148876,385879,379978,268080,57227.5,10827.3,28952,24637.9,55591.6,120587,10942.3,212643,202386,135382,245472,290867,183062,70093.4,42089.4,150396,166675,31016,53984.3,152349,191366,39248.3,116083,115474,55478.3,221889,164291,154437
1571,2.80697e+06,1.28777e+06,2.05205e+06,113924,3.93249e+06,109931,1.61581e+06,905010,672692,43658.6,420018,161601,207772,148889,385862,379995,268099,57255.9,10891.4,29000.3,24669.5,55609.9,120633,11011.9,212692,202438,135401,245518,290904,183105,70167.9,42119.7,150441,166728,31084.1,54009.1,152386,191407,39298,116104,115478,55512.7,221920,164289,154489
1572,2.81614e+06,1.28677e+06,2.07013e+06,113930,3.94806e+06,109960,1.62201e+06,910346,672125,43729.7,420019,161615,207783,148902,385844,380013,268118,57284.3,10955.4,29048.6,24701.1,55627.9,120679,11081.5,212742,202489,135420,245564,290942,183147,70242.2,42149.9,150485,166781,31152.1,54033.6,152422,191448,39347.7,116124,115483,55547.1,221951,164288,154541
1573,2.82524e+06,1.28578e+06,2.08852e+06,113936,3.96396e+06,109989,1.62834e+06,915783,671551,43800.7,420020,161628,207794,148915,385825,380030,268137,57312.7,11019.4,29096.7,24732.4,55645.5,120725,11151,212791,202540,135439,245610,290980,183190,70316.6,42180,150530,166834,31220.2,54058,152457,191489,39397.2,116143,115488,55581.5,221982,164286,154593
1574,2.83428e+06,1.28479e+06,2.10722e+06,113942,3.98019e+06,110018,1.63483e+06,921324,670970,43871.4,420020,161641,207804,148927,385807,380048,268156,57340.9,11083.4,29144.6,24763.6,55662.8,120771,11220.4,212840,202591,135458,245655,291018,183232,70390.8,42209.9,150574,166887,31288.3,54082.2,152493,191530,39446.7,116163,115492,55615.8,222013,164284,154646
1575,2.84326e+06,1.2838e+06,2.12625e+06,113950,3.99676e+06,110047,1.64146e+06,926970,670381,43941.8,420021,161655,207814,148939,385788,380065,268175,57369.1,11147.2,29192.4,24794.7,55679.8,120817,11289.8,212889,202642,135477,245701,291056,183275,70465,42239.7,150618,166941,31356.3,54106.3,152528,191572,39496.1,116181,115497,55650.1,222044,164282,154698
1576,2.85217e+06,1.28282e+06,2.1456e+06,113957,4.01367e+06,110075,1.64825e+06,932724,669785,44012,420021,161668,207824,148951,385769,380083,268193,57397.2,11211,29240.1,24825.6,55696.4,120863,11359,212939,202693,135495,245746,291094,183317,70539.2,42269.5,150662,166994,31424.4,54130.1,152563,191613,39545.4,116200,115501,55684.4,222074,164280,154751
1577,2.86102e+06,1.28184e+06,2.16528e+06,113965,4.03095e+06,110103,1.65519e+06,938589,669182,44081.9,420022,161682,207834,148963,385749,380100,268212,57425.2,11274.7,29287.7,24856.3,55712.6,120910,11428.2,212988,202744,135514,245791,291132,183359,70613.2,42299.1,150705,167048,31492.5,54153.8,152597,191654,39594.6,116218,115506,55718.6,222105,164278,154804
1578,2.8698e+06,1.28086e+06,2.1853e+06,113974,4.04859e+06,110131,1.66228e+06,944568,668571,44151.5,420022,161695,207844,148975,385729,380118,268231,57453.1,11338.3,29335.1,24886.9,55728.4,120956,11497.2,213037,202795,135532,245835,291171,183402,70687.2,42328.5,150749,167102,31560.6,54177.3,152631,191695,39643.8,116235,115510,55752.7,222135,164275,154857
1579,2.87853e+06,1.27989e+06,2.20568e+06,113983,4.0666e+06,110158,1.66954e+06,950663,667953,44220.8,420022,161708,207854,148986,385709,380135,268249,57481,11401.8,29382.3,24917.3,55743.9,121003,11566.2,213086,202845,135551,245879,291209,183444,70761.2,42357.9,150792,167156,31628.6,54200.7,152665,191737,39692.8,116252,115514,55786.9,222166,164273,154910
1580,2.88719e+06,1.27892e+06,2.22641e+06,113993,4.08499e+06,110185,1.67696e+06,956877,667327,44289.8,420022,161722,207863,148998,385688,380153,268268,57508.8,11465.2,29429.4,24947.5,55758.9,121049,11635,213136,202896,135569,245924,291248,183486,70835,42387.1,150835,167211,31696.7,54223.8,152698,191778,39741.7,116269,115519,55820.9,222196,164271,154963
1581,2.89579e+06,1.27796e+06,2.2475e+06,114003,4.10378e+06,110212,1.68455e+06,963213,666694,44358.5,420022,161736,207873,149009,385668,380171,268286,57536.5,11528.5,29476.3,24977.6,55773.5,121096,11703.7,213185,202946,135587,245967,291286,183529,70908.8,42416.2,150878,167265,31764.7,54246.8,152732,191820,39790.5,116285,115523,55855,222226,164269,155016
1582,2.90433e+06,1.27701e+06,2.26897e+06,114013,4.12297e+06,110238,1.69231e+06,969674,666053,44426.8,420022,161749,207882,149020,385646,380189,268305,57564.1,11591.6,29523.1,25007.4,55787.8,121143,11772.3,213234,202997,135605,246011,291325,183571,70982.5,42445.1,150920,167320,31832.7,54269.5,152764,191861,39839.2,116301,115527,55889,222256,164266,155070
1583,2.9128e+06,1.27606e+06,2.29083e+06,114025,4.14257e+06,110264,1.70025e+06,976263,665405,44494.8,420022,161763,207891,149030,385625,380206,268323,57591.7,11654.6,29569.6,25037.1,55801.5,121189,11840.7,213283,203047,135623,246054,291364,183613,71056.1,42473.9,150963,167375,31900.7,54292.1,152797,191903,39887.7,116316,115532,55923,222286,164264,155123
1584,2.92122e+06,1.27511e+06,2.31307e+06,114037,4.1626e+06,110290,1.70836e+06,982984,664749,44562.5,420022,161776,207901,149041,385603,380224,268341,57619.2,11717.5,29616,25066.5,55814.9,121236,11909,213333,203097,135641,246097,291403,183655,71129.6,42502.6,151005,167430,31968.7,54314.5,152829,191944,39936.2,116331,115536,55957,222316,164261,155177
1585,2.92958e+06,1.27418e+06,2.33572e+06,114049,4.18306e+06,110315,1.71666e+06,989840,664085,44629.8,420022,161790,207910,149051,385581,380242,268359,57646.6,11780.3,29662.2,25095.8,55827.7,121283,11977.1,213382,203148,135659,246140,291442,183698,71203.1,42531.2,151047,167486,32036.6,54336.7,152860,191986,39984.5,116345,115540,55990.9,222346,164259,155231
1586,2.93788e+06,1.27325e+06,2.35878e+06,114062,4.20397e+06,110340,1.72515e+06,996835,663413,44696.7,420022,161804,207918,149061,385558,380260,268377,57674,11842.8,29708.1,25124.8,55840.2,121330,12045.1,213432,203198,135676,246183,291482,183740,71276.4,42559.6,151088,167542,32104.5,54358.7,152892,192028,40032.7,116358,115544,56024.9,222376,164256,155285
1587,2.94612e+06,1.27233e+06,2.38226e+06,114076,4.22533e+06,110364,1.73382e+06,1.00397e+06,662734,44763.3,420022,161818,207927,149071,385536,380278,268395,57701.2,11905.3,29753.9,25153.7,55852.1,121377,12112.9,213481,203248,135694,246225,291521,183782,71349.7,42587.8,151130,167598,32172.3,54380.5,152923,192070,40080.8,116372,115549,56058.8,222406,164254,155339
1588,2.9543e+06,1.27141e+06,2.40617e+06,114091,4.24717e+06,110388,1.7427e+06,1.01125e+06,662046,44829.5,420022,161832,207936,149081,385512,380297,268413,57728.4,11967.5,29799.5,25182.3,55863.5,121424,12180.5,213530,203298,135712,246267,291561,183824,71422.9,42616,151171,167654,32240.1,54402.1,152953,192112,40128.7,116384,115553,56092.6,222436,164251,155393
1589,2.96243e+06,1.27051e+06,2.43052e+06,114106,4.26949e+06,110412,1.75177e+06,1.01869e+06,661351,44895.2,420023,161846,207945,149090,385489,380315,268431,57755.6,12029.6,29844.8,25210.7,55874.5,121472,12247.9,213580,203348,135729,246309,291601,183867,71495.9,42644,151212,167710,32307.8,54423.5,152983,192154,40176.4,116396,115557,56126.5,222465,164248,155447
1590,2.9705e+06,1.26961e+06,2.45533e+06,114122,4.2923e+06,110436,1.76105e+06,1.02627e+06,660647,44960.6,420023,161860,207953,149099,385465,380333,268449,57782.7,12091.5,29889.9,25238.9,55884.9,121519,12315.2,213629,203398,135747,246351,291641,183909,71568.9,42671.8,151253,167767,32375.5,54444.7,153013,192197,40224.1,116408,115561,56160.3,222495,164246,155502
1591,2.97852e+06,1.26872e+06,2.4806e+06,114138,4.31562e+06,110459,1.77053e+06,1.03401e+06,659935,45025.5,420023,161874,207961,149108,385441,380352,268467,57809.7,12153.2,29934.8,25266.8,55894.8,121566,12382.2,213679,203448,135764,246392,291681,183951,71641.7,42699.5,151293,167824,32443.1,54465.7,153042,192239,40271.5,116418,115565,56194.1,222525,164243,155557
1592,2.98649e+06,1.26784e+06,2.50634e+06,114156,4.33947e+06,110481,1.78024e+06,1.04192e+06,659215,45090,420023,161889,207970,149117,385416,380371,268484,57836.6,12214.7,29979.4,25294.5,55904.1,121614,12449,213729,203498,135781,246433,291722,183993,71714.5,42727,151334,167882,32510.7,54486.5,153071,192281,40318.8,116429,115569,56227.9,222554,164240,155611
1593,2.99441e+06,1.26697e+06,2.53258e+06,114174,4.36385e+06,110503,1.79016e+06,1.04999e+06,658486,45154,420024,161903,207978,149126,385392,380390,268502,57863.5,12276,30023.8,25321.9,55912.9,121661,12515.6,213778,203547,135799,246474,291763,184035,71787.1,42754.4,151374,167939,32578.2,54507.1,153100,192324,40366,116438,115573,56261.7,222584,164237,155666
1594,3.00227e+06,1.26611e+06,2.55932e+06,114193,4.38879e+06,110525,1.80031e+06,1.05824e+06,657749,45217.5,420024,161918,207986,149134,385366,380409,268520,57890.3,12337.1,30067.9,25349.1,55921.1,121709,12581.9,213828,203597,135816,246515,291804,184078,71859.6,42781.7,151413,167997,32645.6,54527.4,153128,192367,40412.9,116448,115577,56295.5,222613,164234,155722
1595,3.01009e+06,1.26526e+06,2.58657e+06,114212,4.41429e+06,110547,1.81069e+06,1.06666e+06,657003,45280.6,420025,161932,207994,149143,385341,380428,268538,57917.1,12398,30111.8,25376,55928.8,121757,12648,213878,203647,135833,246555,291845,184120,71932,42808.8,151453,168056,32712.9,54547.6,153156,192410,40459.7,116456,115581,56329.2,222642,164231,155777
1596,3.01786e+06,1.26442e+06,2.61435e+06,114233,4.44038e+06,110568,1.82131e+06,1.07526e+06,656249,45343.2,420026,161947,208002,149151,385315,380447,268555,57943.8,12458.6,30155.4,25402.7,55935.8,121805,12713.9,213928,203697,135851,246596,291887,184162,72004.3,42835.7,151492,168114,32780.2,54567.5,153183,192453,40506.3,116464,115586,56363,222672,164228,155833
1597,3.02558e+06,1.2636e+06,2.64267e+06,114254,4.46707e+06,110588,1.83217e+06,1.08404e+06,655486,45405.3,420027,161962,208010,149158,385289,380467,268573,57970.4,12519,30198.7,25429.1,55942.2,121853,12779.5,213978,203747,135868,246636,291929,184205,72076.5,42862.5,151531,168174,32847.4,54587.2,153209,192496,40552.7,116471,115590,56396.8,222701,164225,155888
1598,3.03326e+06,1.26278e+06,2.67154e+06,114276,4.49439e+06,110609,1.84328e+06,1.09302e+06,654713,45466.8,420028,161977,208018,149166,385262,380487,268590,57997,12579.1,30241.8,25455.2,55948,121901,12844.8,214028,203796,135885,246675,291971,184247,72148.5,42889.1,151569,168233,32914.4,54606.7,153236,192539,40599,116478,115594,56430.5,222731,164222,155944
1599,3.04089e+06,1.26198e+06,2.70099e+06,114299,4.52234e+06,110628,1.85465e+06,1.1022e+06,653932,45527.9,420029,161993,208026,149173,385235,380507,268608,58023.5,12639,30284.5,25481,55953.2,121949,12909.8,214079,203846,135902,246715,292014,184289,72220.4,42915.6,151608,168293,32981.4,54625.9,153261,192583,40645,116483,115598,56464.3,222760,164218,156000
1600,3.04849e+06,1.26119e+06,2.73103e+06,114323,4.55094e+06,110648,1.86628e+06,1.11158e+06,653141,45588.3,420030,162008,208034,149180,385208,380527,268625,58050,12698.6,30327,25506.5,55957.6,121997,12974.5,214129,203896,135920,246754,292057,184332,72292.2,42941.9,151646,168353,33048.3,54644.9,153287,192626,40690.8,116489,115602,56498,222789,164215,156057
1601,3.05604e+06,1.26041e+06,2.76166e+06,114347,4.58023e+06,110666,1.87819e+06,1.12117e+06,652342,45648.2,420032,162024,208042,149187,385180,380547,268643,58076.4,12758,30369.1,25531.7,55961.4,122046,13039,214180,203946,135937,246793,292100,184374,72363.8,42968,151683,168414,33115.1,54663.7,153311,192670,40736.4,116493,115606,56531.8,222818,164212,156113
1602,3.06356e+06,1.25965e+06,2.79292e+06,114373,4.61021e+06,110685,1.89037e+06,1.13097e+06,651532,45707.6,420034,162039,208050,149194,385152,380568,268660,58102.8,12817,30410.9,25556.7,55964.5,122095,13103.1,214230,203995,135954,246832,292144,184417,72435.3,42994,151721,168475,33181.8,54682.3,153336,192714,40781.8,116497,115610,56565.6,222848,164208,156170
1603,3.07105e+06,1.2589e+06,2.82482e+06,114400,4.64091e+06,110703,1.90284e+06,1.14099e+06,650714,45766.3,420036,162055,208057,149200,385124,380589,268678,58129.2,12875.7,30452.4,25581.2,55966.9,122143,13166.9,214281,204045,135972,246870,292188,184459,72506.7,43019.7,151758,168536,33248.3,54700.6,153360,192759,40827,116500,115614,56599.4,222877,164205,156227
1604,3.0785e+06,1.25817e+06,2.85736e+06,114427,4.67235e+06,110720,1.9156e+06,1.15125e+06,649885,45824.4,420038,162072,208065,149206,385095,380611,268695,58155.5,12934.2,30493.6,25605.5,55968.6,122192,13230.3,214332,204095,135989,246909,292233,184502,72577.9,43045.4,151795,168598,33314.8,54718.6,153383,192803,40871.9,116502,115618,56633.2,222906,164202,156284
1605,3.08591e+06,1.25745e+06,2.89059e+06,114456,4.70456e+06,110737,1.92867e+06,1.16174e+06,649046,45881.9,420041,162088,208073,149212,385066,380632,268713,58181.7,12992.3,30534.4,25629.5,55969.5,122241,13293.5,214383,204145,136007,246947,292278,184544,72648.9,43070.8,151831,168660,33381.1,54736.4,153405,192848,40916.6,116504,115623,56667,222936,164198,156342
1606,3.0933e+06,1.25675e+06,2.9245e+06,114486,4.73755e+06,110754,1.94204e+06,1.17247e+06,648198,45938.7,420044,162105,208080,149218,385037,380654,268730,58208,13050.1,30574.8,25653.1,55969.7,122291,13356.2,214434,204195,136024,246984,292323,184587,72719.8,43096.1,151867,168723,33447.3,54753.9,153428,192893,40961.1,116504,115627,56700.8,222965,164195,156400
1607,3.10067e+06,1.25607e+06,2.95913e+06,114517,4.77136e+06,110770,1.95574e+06,1.18345e+06,647339,45994.8,420047,162122,208088,149223,385007,380677,268748,58234.1,13107.6,30614.9,25676.3,55969,122340,13418.6,214486,204245,136042,247022,292369,184630,72790.6,43121.2,151903,168787,33513.3,54771.2,153449,192938,41005.3,116504,115631,56734.7,222995,164191,156458
1608,3.10801e+06,1.2554e+06,2.99449e+06,114548,4.80601e+06,110785,1.96977e+06,1.19469e+06,646470,46050.3,420051,162139,208096,149229,384977,380699,268765,58260.3,13164.7,30654.6,25699.2,55967.6,122389,13480.6,214537,204295,136059,247059,292416,184673,72861.2,43146.1,151939,168851,33579.2,54788.3,153470,192983,41049.3,116503,115635,56768.6,223024,164188,156516
1609,3.11533e+06,1.25475e+06,3.03061e+06,114581,4.84152e+06,110800,1.98413e+06,1.2062e+06,645591,46105.1,420054,162156,208103,149234,384946,380722,268783,58286.4,13221.4,30694,25721.7,55965.3,122439,13542.1,214589,204345,136077,247097,292463,184716,72931.7,43170.8,151974,168915,33645,54805,153491,193029,41093,116501,115640,56802.5,223054,164184,156574
1610,3.12263e+06,1.25412e+06,3.06751e+06,114616,4.87793e+06,110815,1.99885e+06,1.21798e+06,644701,46159.1,420059,162174,208111,149238,384915,380746,268800,58312.6,13277.8,30732.9,25743.9,55962.2,122489,13603.3,214641,204395,136095,247133,292510,184759,73001.9,43195.3,152008,168980,33710.6,54821.5,153511,193075,41136.4,116499,115644,56836.5,223083,164180,156633
1611,3.12992e+06,1.25351e+06,3.10521e+06,114651,4.91526e+06,110828,2.01393e+06,1.23004e+06,643800,46212.4,420063,162192,208119,149243,384884,380770,268818,58338.7,13333.8,30771.4,25765.7,55958.2,122539,13664.1,214693,204445,136113,247170,292558,184802,73072,43219.6,152043,169046,33776,54837.7,153530,193121,41179.5,116495,115648,56870.5,223113,164177,156692
1612,3.13719e+06,1.25292e+06,3.14373e+06,114687,4.95355e+06,110842,2.02938e+06,1.2424e+06,642887,46264.9,420069,162210,208127,149247,384852,380794,268835,58364.7,13389.4,30809.6,25787,55953.3,122590,13724.4,214745,204496,136131,247207,292607,184845,73142,43243.8,152077,169112,33841.3,54853.6,153549,193168,41222.4,116491,115653,56904.6,223143,164173,156752
1613,3.14445e+06,1.25235e+06,3.1831e+06,114725,4.99283e+06,110855,2.04522e+06,1.25507e+06,641964,46316.7,420074,162228,208134,149251,384820,380819,268853,58390.8,13444.6,30847.3,25808,55947.6,122640,13784.2,214798,204546,136149,247243,292656,184888,73211.8,43267.7,152110,169179,33906.4,54869.3,153567,193215,41264.9,116485,115657,56938.6,223172,164169,156812
1614,3.15171e+06,1.2518e+06,3.22336e+06,114764,5.03313e+06,110867,2.06145e+06,1.26804e+06,641029,46367.6,420080,162247,208142,149254,384787,380844,268871,58416.9,13499.4,30884.5,25828.5,55940.8,122691,13843.6,214851,204597,136167,247279,292706,184932,73281.3,43291.5,152144,169247,33971.4,54884.6,153584,193262,41307.2,116479,115662,56972.8,223202,164165,156872
1615,3.15897e+06,1.25127e+06,3.26451e+06,114805,5.07449e+06,110879,2.07809e+06,1.28134e+06,640083,46417.7,420086,162266,208150,149258,384754,380870,268888,58442.9,13553.7,30921.3,25848.7,55933.1,122742,13902.5,214904,204647,136185,247315,292757,184976,73350.7,43315,152177,169315,34036.1,54899.7,153601,193310,41349.1,116472,115667,57007,223232,164162,156932
1616,3.16623e+06,1.25077e+06,3.3066e+06,114846,5.11694e+06,110890,2.09516e+06,1.29497e+06,639124,46466.9,420093,162286,208158,149261,384721,380896,268906,58469,13607.7,30957.7,25868.3,55924.5,122793,13960.9,214958,204698,136204,247350,292808,185019,73420,43338.4,152209,169384,34100.7,54914.4,153617,193358,41390.7,116464,115671,57041.2,223263,164158,156993
1617,3.17349e+06,1.25029e+06,3.34966e+06,114890,5.16052e+06,110900,2.11266e+06,1.30895e+06,638154,46515.3,420101,162305,208166,149264,384687,380923,268924,58495,13661.1,30993.6,25887.6,55914.8,122845,14018.8,215011,204749,136223,247386,292860,185063,73489,43361.5,152241,169453,34165.1,54928.9,153632,193406,41432,116454,115676,57075.6,223293,164154,157055
1618,3.18076e+06,1.24984e+06,3.3937e+06,114934,5.20527e+06,110910,2.13062e+06,1.32329e+06,637171,46562.8,420109,162326,208174,149266,384653,380951,268942,58521.1,13714.1,31029,25906.4,55904,122897,14076.2,215065,204800,136242,247421,292913,185107,73557.8,43384.4,152273,169524,34229.2,54943,153647,193455,41473,116444,115681,57110,223323,164150,157116
1619,3.18805e+06,1.24941e+06,3.43878e+06,114980,5.25124e+06,110919,2.14904e+06,1.338e+06,636176,46609.3,420118,162346,208182,149269,384619,380979,268960,58547.1,13766.6,31063.9,25924.7,55892.2,122949,14133,215120,204851,136261,247456,292966,185151,73626.5,43407.1,152304,169595,34293.2,54956.8,153661,193504,41513.6,116433,115686,57144.4,223354,164146,157178
1620,3.19535e+06,1.24901e+06,3.48491e+06,115028,5.29847e+06,110928,2.16794e+06,1.35309e+06,635168,46654.9,420127,162367,208191,149270,384584,381008,268978,58573.2,13818.6,31098.3,25942.5,55879.3,123001,14189.3,215174,204903,136280,247490,293021,185196,73694.9,43429.6,152335,169667,34357,54970.3,153674,193554,41553.8,116420,115691,57179,223385,164142,157241
1621,3.20268e+06,1.24863e+06,3.53214e+06,115077,5.347e+06,110936,2.18734e+06,1.36858e+06,634147,46699.5,420137,162388,208199,149272,384549,381037,268996,58599.3,13870.1,31132.1,25959.8,55865.3,123054,14244.9,215229,204955,136299,247525,293076,185240,73763.1,43451.9,152365,169740,34420.5,54983.5,153686,193604,41593.7,116407,115696,57213.6,223416,164138,157304
1622,3.21004e+06,1.24829e+06,3.58051e+06,115127,5.39689e+06,110943,2.20726e+06,1.38448e+06,633113,46743.1,420147,162410,208208,149274,384513,381067,269014,58625.5,13921,31165.5,25976.6,55850.2,123107,14300,215284,205006,136319,247559,293132,185285,73831.1,43473.9,152395,169813,34483.8,54996.3,153698,193654,41633.2,116392,115701,57248.3,223447,164134,157367
1623,3.21743e+06,1.24798e+06,3.63004e+06,115180,5.44818e+06,110950,2.22772e+06,1.4008e+06,632065,46785.7,420159,162432,208216,149275,384477,381098,269033,58651.6,13971.4,31198.3,25992.9,55833.8,123160,14354.5,215340,205058,136339,247593,293189,185330,73898.9,43495.7,152425,169888,34546.9,55008.7,153709,193705,41672.3,116376,115706,57283.1,223478,164131,157431
1624,3.22486e+06,1.2477e+06,3.68078e+06,115234,5.50092e+06,110956,2.24874e+06,1.41758e+06,631004,46827.1,420171,162455,208225,149275,384440,381129,269051,58677.8,14021.3,31230.5,26008.7,55816.2,123214,14408.3,215396,205111,136359,247627,293247,185375,73966.5,43517.3,152454,169963,34609.7,55020.9,153719,193757,41711,116359,115712,57318,223510,164127,157495
1625,3.23233e+06,1.24745e+06,3.73278e+06,115289,5.55518e+06,110961,2.27032e+06,1.43481e+06,629929,46867.5,420184,162478,208234,149276,384403,381162,269070,58704.1,14070.5,31262.1,26023.9,55797.4,123268,14461.4,215453,205163,136380,247661,293306,185420,74033.8,43538.6,152482,170040,34672.3,55032.6,153728,193809,41749.3,116340,115717,57353,223542,164123,157560
1626,3.23986e+06,1.24723e+06,3.78607e+06,115347,5.61101e+06,110965,2.29251e+06,1.45251e+06,628839,46906.8,420197,162502,208243,149276,384366,381195,269088,58730.4,14119.2,31293.1,26038.5,55777.3,123322,14513.9,215510,205216,136400,247694,293366,185465,74101,43559.7,152510,170117,34734.6,55044,153736,193862,41787.2,116321,115723,57388.2,223574,164119,157626
1627,3.24744e+06,1.24705e+06,3.84071e+06,115406,5.66847e+06,110969,2.31532e+06,1.47071e+06,627735,46944.9,420212,162526,208252,149276,384328,381229,269107,58756.7,14167.3,31323.6,26052.5,55755.9,123377,14565.7,215567,205269,136421,247727,293427,185511,74167.8,43580.5,152538,170196,34796.6,55055,153744,193915,41824.6,116300,115729,57423.4,223606,164115,157692
1628,3.25508e+06,1.24691e+06,3.89673e+06,115467,5.72763e+06,110972,2.33876e+06,1.48943e+06,626615,46981.8,420227,162551,208262,149275,384289,381263,269126,58783.1,14214.7,31353.4,26066,55733.1,123432,14616.8,215625,205322,136442,247761,293489,185557,74234.5,43601,152565,170275,34858.4,55065.7,153750,193969,41861.7,116277,115735,57458.8,223639,164111,157758
1629,3.26279e+06,1.24681e+06,3.95419e+06,115530,5.78856e+06,110974,2.36288e+06,1.50868e+06,625481,47017.5,420243,162576,208271,149274,384250,381299,269145,58809.6,14261.5,31382.5,26078.8,55708.9,123488,14667.1,215683,205376,136464,247793,293553,185603,74300.9,43621.4,152591,170356,34919.9,55075.9,153756,194023,41898.2,116254,115741,57494.3,223671,164107,157825
1630,3.27052e+06,1.24676e+06,4.01319e+06,115597,5.85159e+06,110976,2.3878e+06,1.52849e+06,624328,47050.9,420261,162603,208282,149273,384211,381337,269165,58836.4,14307.2,31410.6,26090.6,55682.2,123545,14716.4,215742,205430,136487,247826,293619,185650,74366.9,43641.3,152617,170439,34981.1,55085.5,153760,194079,41934.1,116228,115747,57530.4,223705,164103,157894
