Temp,"HSN[Si,Si]@Liquid","HSN[Co,Co]@Liquid","HSN[Ti,Ti]@Liquid","HSN[Cr,Cr]@Liquid","HSN[Mn,Mn]@Liquid","HSN[Fe,Fe]@Liquid","HSN[Al,Al]@Liquid","HSN[Nb,Nb]@Liquid","HSN[Mo,Mo]@Liquid","HSN[Si,Co]@Liquid","HSN[Si,Ti]@Liquid","HSN[Si,Cr]@Liquid","HSN[Si,Mn]@Liquid","HSN[Si,Fe]@Liquid","HSN[Si,Al]@Liquid","HSN[Si,Nb]@Liquid","HSN[Si,Mo]@Liquid","HSN[Co,Ti]@Liquid","HSN[Co,Cr]@Liquid","HSN[Co,Mn]@Liquid","HSN[Co,Fe]@Liquid","HSN[Co,Al]@Liquid","HSN[Co,Nb]@Liquid","HSN[Co,Mo]@Liquid","HSN[Ti,Cr]@Liquid","HSN[Ti,Mn]@Liquid","HSN[Ti,Fe]@Liquid","HSN[Ti,Al]@Liquid","HSN[Ti,Nb]@Liquid","HSN[Ti,Mo]@Liquid","HSN[Cr,Mn]@Liquid","HSN[Cr,Fe]@Liquid","HSN[Cr,Al]@Liquid","HSN[Cr,Nb]@Liquid","HSN[Cr,Mo]@Liquid","HSN[Mn,Fe]@Liquid","HSN[Mn,Al]@Liquid","HSN[Mn,Nb]@Liquid","HSN[Mn,Mo]@Liquid","HSN[Fe,Al]@Liquid","HSN[Fe,Nb]@Liquid","HSN[Fe,Mo]@Liquid","HSN[Al,Nb]@Liquid","HSN[Al,Mo]@Liquid","HSN[Nb,Mo]@Liquid"
1535,1.32857e+06,1.85893e+06,835236,137597,2.76393e+06,112905,1.15487e+06,521863,920707,70883.2,211867,169711,165221,130129,382925,195430,114997,60718.3,2795.72,29346.3,17161.4,59591.1,101749,-706.502,185662,209779,127118,247570,328570,167947,74389,39322.4,127284,164248,54530.2,59158.8,148700,182499,57713.2,88322.4,87244.9,44342,222480,109956,154192
1536,1.33719e+06,1.85366e+06,838758,137273,2.76412e+06,112907,1.15322e+06,522811,919620,70952.2,211857,169695,165252,130191,382936,195429,114963,60775.3,2878.19,29418.7,17236.8,59694.5,101829,-658.269,185653,209820,127158,247653,328625,167931,74459.2,39369,127377,164268,54520.4,59213.4,148807,182560,57719.9,88404.7,87331.9,44343.2,222603,109982,154203
1537,1.34588e+06,1.8484e+06,842321,136951,2.76443e+06,112909,1.15166e+06,523775,918518,71021.5,211847,169680,165283,130252,382947,195428,114930,60832.2,2960.62,29491.2,17312.2,59797.5,101909,-609.989,185643,209861,127198,247735,328679,167914,74529.1,39415.4,127468,164289,54510.3,59267.8,148914,182621,57726.5,88486.2,87419.1,44344.3,222726,110006,154214
1538,1.35464e+06,1.84314e+06,845928,136631,2.76486e+06,112911,1.15019e+06,524753,917403,71091.1,211837,169665,165314,130314,382958,195427,114896,60888.9,3043,29563.8,17387.6,59900.1,101988,-561.662,185632,209901,127238,247817,328733,167897,74598.8,39461.6,127560,164309,54500,59321.9,149019,182682,57732.9,88566.8,87506.4,44345.1,222848,110030,154225
1539,1.36346e+06,1.83789e+06,849578,136313,2.7654e+06,112914,1.14879e+06,525748,916273,71160.8,211827,169649,165346,130376,382968,195427,114862,60945.3,3125.34,29636.4,17462.9,60002.2,102068,-513.29,185621,209941,127277,247897,328787,167880,74668.3,39507.5,127650,164329,54489.5,59375.8,149124,182743,57739.3,88646.6,87593.9,44345.7,222970,110053,154236
1540,1.37235e+06,1.83265e+06,853272,135997,2.76607e+06,112918,1.14748e+06,526758,915129,71230.9,211816,169634,165377,130439,382977,195426,114829,61001.6,3207.63,29709.2,17538.2,60103.9,102148,-464.873,185610,209980,127316,247977,328841,167862,74737.6,39553.3,127740,164349,54478.7,59429.5,149228,182804,57745.6,88725.4,87681.6,44346.2,223091,110076,154247
1541,1.38131e+06,1.82741e+06,857012,135683,2.76687e+06,112922,1.14626e+06,527785,913971,71301.1,211805,169618,165409,130501,382986,195426,114795,61057.7,3289.89,29781.9,17613.5,60205.2,102228,-416.412,185598,210020,127354,248055,328894,167844,74806.7,39598.8,127829,164368,54467.7,59483,149332,182865,57751.9,88803.4,87769.4,44346.5,223211,110098,154258
1542,1.39033e+06,1.82218e+06,860798,135371,2.76778e+06,112926,1.14512e+06,528829,912798,71371.6,211794,169602,165440,130563,382994,195426,114762,61113.7,3372.1,29854.8,17688.8,60306,102308,-367.907,185585,210059,127392,248133,328947,167826,74875.6,39644.2,127917,164388,54456.5,59536.3,149435,182926,57758,88880.6,87857.3,44346.5,223331,110120,154269
1543,1.39941e+06,1.81696e+06,864631,135060,2.76882e+06,112931,1.14406e+06,529889,911611,71442.3,211782,169585,165472,130626,383002,195425,114728,61169.4,3454.26,29927.7,17764,60406.4,102388,-319.359,185572,210097,127430,248210,328999,167807,74944.2,39689.3,128005,164407,54445,59589.4,149537,182986,57764,88956.9,87945.4,44346.4,223450,110141,154280
1544,1.40856e+06,1.81174e+06,868513,134752,2.76999e+06,112937,1.14309e+06,530967,910409,71513.3,211771,169569,165503,130688,383009,195425,114694,61224.9,3536.38,30000.6,17839.2,60506.4,102468,-270.769,185558,210135,127467,248286,329052,167789,75012.7,39734.2,128092,164426,54433.3,59642.2,149639,183047,57769.9,89032.3,88033.6,44346.1,223568,110161,154290
1545,1.41777e+06,1.80653e+06,872443,134445,2.77129e+06,112942,1.1422e+06,532062,909194,71584.4,211759,169552,165535,130751,383015,195425,114661,61280.2,3618.46,30073.6,17914.3,60605.9,102548,-222.136,185544,210173,127504,248362,329104,167769,75080.9,39778.8,128179,164445,54421.3,59694.8,149740,183108,57775.7,89106.8,88121.9,44345.6,223685,110181,154301
1546,1.42704e+06,1.80133e+06,876424,134141,2.77271e+06,112948,1.1414e+06,533175,907963,71655.8,211746,169536,165567,130813,383021,195424,114627,61335.3,3700.49,30146.7,17989.4,60705.1,102628,-173.462,185529,210211,127541,248436,329155,167750,75148.9,39823.3,128264,164464,54409.2,59747.2,149840,183169,57781.4,89180.6,88210.3,44344.8,223803,110200,154311
1547,1.43637e+06,1.79614e+06,880456,133838,2.77427e+06,112954,1.14068e+06,534306,906718,71727.4,211734,169519,165599,130876,383026,195424,114593,61390.3,3782.48,30219.8,18064.5,60803.7,102708,-124.747,185513,210248,127577,248510,329207,167730,75216.7,39867.5,128349,164483,54396.8,59799.3,149940,183229,57787,89253.4,88298.8,44343.9,223919,110219,154322
1548,1.44577e+06,1.79095e+06,884541,133537,2.77596e+06,112961,1.14004e+06,535456,905459,71799.1,211721,169502,165631,130939,383030,195424,114559,61445,3864.42,30293,18139.5,60902,102788,-75.991,185497,210285,127613,248583,329258,167710,75284.3,39911.5,128434,164501,54384.1,59851.3,150039,183290,57792.5,89325.5,88387.4,44342.8,224035,110237,154332
1549,1.45522e+06,1.78577e+06,888679,133238,2.77778e+06,112968,1.13949e+06,536624,904185,71871.1,211708,169484,165663,131001,383034,195424,114525,61499.5,3946.32,30366.3,18214.5,60999.8,102868,-27.195,185481,210321,127648,248655,329308,167690,75351.7,39955.2,128518,164519,54371.2,59903,150138,183350,57797.9,89396.6,88476.1,44341.5,224150,110254,154342
1550,1.46473e+06,1.78059e+06,892871,132941,2.77974e+06,112975,1.13902e+06,537811,902896,71943.3,211694,169467,165694,131064,383037,195424,114491,61553.8,4028.17,30439.6,18289.5,61097.3,102948,21.6409,185464,210358,127683,248726,329359,167669,75418.8,39998.8,128601,164537,54358.1,59954.5,150235,183411,57803.2,89467,88564.8,44339.9,224264,110271,154352
1551,1.47431e+06,1.77542e+06,897120,132645,2.78183e+06,112982,1.13864e+06,539019,901593,72015.7,211680,169449,165726,131127,383040,195423,114457,61607.9,4109.99,30513,18364.4,61194.2,103028,70.5162,185447,210393,127718,248796,329409,167648,75485.8,40042.1,128683,164555,54344.7,60005.8,150333,183471,57808.5,89536.5,88653.6,44338.2,224378,110287,154362
1552,1.48393e+06,1.77026e+06,901425,132352,2.78406e+06,112989,1.13835e+06,540246,900275,72088.2,211666,169431,165759,131190,383042,195423,114423,61661.9,4191.75,30586.4,18439.2,61290.8,103108,119.431,185429,210429,127752,248865,329458,167626,75552.5,40085.1,128765,164572,54331.2,60056.8,150429,183531,57813.6,89605.2,88742.4,44336.3,224491,110303,154372
1553,1.49362e+06,1.76511e+06,905789,132060,2.78644e+06,112997,1.13814e+06,541493,898942,72161,211652,169413,165791,131253,383044,195423,114388,61715.6,4273.47,30659.8,18514.1,61386.9,103189,168.383,185410,210464,127786,248934,329508,167605,75619,40128,128846,164590,54317.3,60107.6,150525,183591,57818.6,89673.1,88831.3,44334.1,224604,110318,154382
1554,1.50336e+06,1.75996e+06,910212,131769,2.78895e+06,113005,1.13802e+06,542761,897594,72233.9,211637,169394,165823,131316,383045,195423,114354,61769.1,4355.15,30733.4,18588.8,61482.6,103269,217.375,185391,210499,127820,249002,329557,167583,75685.3,40170.6,128927,164607,54303.3,60158.2,150621,183651,57823.5,89740.1,88920.2,44331.7,224716,110332,154391
1555,1.51316e+06,1.75482e+06,914696,131481,2.79161e+06,113013,1.13798e+06,544050,896232,72307,211622,169376,165855,131379,383045,195422,114320,61822.4,4436.79,30806.9,18663.6,61577.9,103349,266.404,185372,210533,127853,249069,329605,167560,75751.4,40212.9,129007,164624,54289,60208.6,150715,183711,57828.4,89806.4,89009.2,44329.2,224827,110346,154401
1556,1.52302e+06,1.74969e+06,919242,131194,2.79442e+06,113021,1.13803e+06,545361,894855,72380.3,211607,169357,165887,131442,383044,195422,114285,61875.5,4518.37,30880.6,18738.3,61672.8,103429,315.47,185352,210568,127886,249135,329653,167538,75817.2,40255.1,129086,164641,54274.4,60258.7,150809,183771,57833.1,89871.8,89098.1,44326.4,224938,110360,154410
1557,1.53292e+06,1.74457e+06,923852,130909,2.79737e+06,113029,1.13817e+06,546693,893463,72453.7,211591,169338,165919,131505,383043,195421,114250,61928.4,4599.92,30954.2,18812.9,61767.3,103509,364.574,185331,210601,127918,249200,329701,167515,75882.9,40297,129164,164657,54259.6,60308.7,150903,183831,57837.7,89936.4,89187.1,44323.4,225048,110372,154420
1558,1.54289e+06,1.73945e+06,928527,130626,2.80048e+06,113038,1.13839e+06,548048,892057,72527.3,211575,169319,165951,131567,383042,195421,114216,61981,4681.42,31027.9,18887.5,61861.3,103590,413.715,185310,210635,127950,249265,329749,167492,75948.3,40338.6,129242,164674,54244.6,60358.4,150996,183891,57842.3,90000.2,89276.1,44320.2,225158,110385,154429
1559,1.5529e+06,1.73434e+06,933268,130345,2.80374e+06,113046,1.1387e+06,549426,890635,72601,211559,169299,165983,131630,383039,195420,114181,62033.5,4762.88,31101.7,18962,61954.9,103670,462.892,185289,210668,127982,249328,329796,167468,76013.6,40380.1,129320,164690,54229.4,60407.8,151088,183950,57846.7,90063.2,89365.1,44316.8,225267,110396,154438
1560,1.56297e+06,1.72924e+06,938077,130065,2.80715e+06,113054,1.1391e+06,550828,889199,72675,211542,169280,166015,131693,383036,195420,114146,62085.8,4844.29,31175.5,19036.5,62048.1,103750,512.106,185267,210701,128013,249391,329843,167444,76078.6,40421.2,129397,164706,54213.9,60457.1,151180,184010,57851.1,90125.4,89454,44313.1,225375,110407,154447
1561,1.57309e+06,1.72415e+06,942956,129787,2.81073e+06,113063,1.13959e+06,552253,887748,72749,211525,169260,166048,131756,383033,195419,114111,62137.9,4925.65,31249.4,19110.9,62140.9,103830,561.355,185244,210733,128044,249453,329889,167420,76143.4,40462.2,129473,164721,54198.3,60506.1,151271,184069,57855.4,90186.8,89543,44309.3,225483,110418,154456
1562,1.58326e+06,1.71907e+06,947906,129510,2.81446e+06,113071,1.14017e+06,553702,886282,72823.2,211508,169240,166080,131819,383029,195419,114076,62189.7,5006.97,31323.3,19185.3,62233.3,103910,610.64,185222,210765,128074,249515,329936,167396,76208,40502.9,129548,164737,54182.3,60554.9,151361,184129,57859.5,90247.4,89631.9,44305.2,225590,110428,154464
1563,1.59348e+06,1.714e+06,952928,129235,2.81835e+06,113080,1.14084e+06,555177,884801,72897.5,211490,169219,166112,131882,383024,195418,114040,62241.4,5088.25,31397.2,19259.6,62325.3,103991,659.96,185198,210797,128104,249575,329981,167371,76272.4,40543.4,129623,164752,54166.2,60603.5,151451,184188,57863.6,90307.3,89720.8,44301,225697,110437,154473
1564,1.60375e+06,1.70893e+06,958025,128962,2.82242e+06,113088,1.1416e+06,556677,883305,72972,211472,169199,166144,131944,383018,195417,114005,62292.8,5169.47,31471.2,19333.8,62416.8,104071,709.315,185174,210828,128134,249635,330027,167346,76336.6,40583.6,129697,164767,54149.8,60651.8,151541,184247,57867.6,90366.3,89809.7,44296.5,225803,110446,154482
1565,1.61407e+06,1.70387e+06,963198,128691,2.82665e+06,113096,1.14245e+06,558203,881794,73046.6,211454,169178,166176,132007,383012,195416,113970,62344.1,5250.65,31545.2,19408,62507.9,104151,758.704,185150,210860,128163,249694,330072,167320,76400.6,40623.6,129771,164782,54133.2,60699.9,151629,184306,57871.5,90424.6,89898.5,44291.8,225908,110454,154490
1566,1.62444e+06,1.69883e+06,968449,128421,2.83105e+06,113105,1.1434e+06,559755,880268,73121.4,211435,169157,166208,132069,383005,195415,113934,62395.1,5331.78,31619.2,19482.2,62598.6,104231,808.127,185126,210890,128192,249752,330116,167295,76464.4,40663.3,129844,164797,54116.4,60747.8,151718,184365,57875.3,90482.1,89987.3,44286.9,226013,110462,154498
1567,1.63486e+06,1.69379e+06,973780,128153,2.83562e+06,113113,1.14443e+06,561335,878727,73196.2,211416,169136,166240,132132,382998,195414,113898,62445.9,5412.87,31693.3,19556.2,62688.9,104311,857.584,185100,210921,128221,249809,330161,167269,76528,40702.8,129917,164811,54099.4,60795.5,151805,184424,57879.1,90538.8,90076,44281.8,226117,110469,154507
1568,1.64533e+06,1.68876e+06,979193,127887,2.84038e+06,113121,1.14556e+06,562942,877171,73271.2,211396,169115,166272,132194,382990,195413,113862,62496.5,5493.9,31767.4,19630.2,62778.8,104391,907.074,185075,210951,128249,249866,330205,167242,76591.4,40742.1,129989,164825,54082.1,60842.9,151892,184483,57882.7,90594.7,90164.7,44276.5,226221,110475,154515
1569,1.65584e+06,1.68374e+06,984689,127622,2.84532e+06,113129,1.14679e+06,564578,875601,73346.3,211377,169093,166304,132257,382982,195412,113827,62547,5574.88,31841.6,19704.1,62868.3,104471,956.597,185049,210981,128277,249922,330248,167216,76654.5,40781.1,130060,164839,54064.7,60890.1,151978,184541,57886.3,90649.9,90253.3,44271,226324,110481,154523
1570,1.6664e+06,1.67873e+06,990270,127359,2.85044e+06,113137,1.14811e+06,566243,874015,73421.5,211356,169071,166336,132319,382972,195411,113790,62597.2,5655.82,31915.7,19778,62957.4,104552,1006.15,185022,211010,128304,249977,330291,167189,76717.5,40819.9,130131,164853,54047,60937.1,152064,184600,57889.7,90704.3,90341.8,44265.2,226427,110487,154530
1571,1.67701e+06,1.67374e+06,995940,127097,2.85575e+06,113145,1.14952e+06,567938,872414,73496.8,211336,169049,166368,132381,382962,195409,113754,62647.2,5736.69,31989.9,19851.8,63046,104632,1055.74,184996,211040,128331,250031,330334,167162,76780.3,40858.4,130201,164867,54029.1,60983.8,152149,184658,57893.1,90757.9,90430.3,44259.3,226529,110492,154538
1572,1.68766e+06,1.66875e+06,1.0017e+06,126838,2.86125e+06,113152,1.15104e+06,569663,870798,73572.2,211315,169027,166400,132443,382952,195408,113718,62697,5817.52,32064.1,19925.5,63134.2,104712,1105.36,184968,211068,128358,250084,330377,167135,76842.9,40896.7,130270,164880,54011.1,61030.4,152234,184716,57896.4,90810.8,90518.6,44253.1,226630,110496,154546
1573,1.69835e+06,1.66377e+06,1.00755e+06,126580,2.86694e+06,113160,1.15265e+06,571419,869167,73647.8,211294,169005,166432,132506,382941,195406,113682,62746.6,5898.29,32138.4,19999.1,63222,104792,1155.01,184941,211097,128384,250137,330419,167107,76905.3,40934.8,130339,164894,53992.8,61076.7,152318,184775,57899.7,90862.9,90606.9,44246.7,226731,110500,154553
1574,1.70909e+06,1.65881e+06,1.0135e+06,126323,2.87284e+06,113167,1.15436e+06,573207,867521,73723.4,211273,168982,166464,132567,382929,195405,113645,62796,5979,32212.7,20072.7,63309.4,104872,1204.69,184913,211125,128410,250189,330460,167079,76967.5,40972.6,130407,164907,53974.3,61122.7,152402,184833,57902.8,90914.2,90695.1,44240.2,226832,110503,154561
1575,1.71988e+06,1.65386e+06,1.01954e+06,126069,2.87894e+06,113174,1.15617e+06,575028,865860,73799.1,211251,168959,166496,132629,382917,195403,113609,62845.2,6059.65,32286.9,20146.1,63396.4,104952,1254.4,184884,211153,128436,250240,330502,167051,77029.4,41010.2,130475,164920,53955.6,61168.6,152484,184891,57905.9,90964.8,90783.2,44233.4,226931,110506,154568
1576,1.73071e+06,1.64891e+06,1.02568e+06,125815,2.88525e+06,113181,1.15808e+06,576882,864184,73874.9,211229,168936,166528,132691,382904,195401,113572,62894.2,6140.24,32361.2,20219.5,63483,105032,1304.14,184856,211181,128461,250290,330543,167023,77091.2,41047.5,130542,164932,53936.8,61214.2,152567,184948,57908.8,91014.6,90871.2,44226.4,227031,110508,154575
1577,1.74158e+06,1.64398e+06,1.03192e+06,125564,2.89177e+06,113187,1.1601e+06,578771,862493,73950.8,211206,168913,166560,132753,382890,195400,113535,62943,6220.77,32435.5,20292.8,63569.1,105112,1353.91,184827,211208,128486,250340,330583,166994,77152.8,41084.6,130609,164945,53917.7,61259.5,152648,185006,57911.8,91063.7,90959.1,44219.2,227129,110510,154582
1578,1.75249e+06,1.63907e+06,1.03827e+06,125314,2.89851e+06,113194,1.16222e+06,580695,860786,74026.7,211184,168890,166591,132814,382876,195398,113498,62991.6,6301.23,32509.9,20366,63654.8,105191,1403.7,184797,211235,128510,250389,330624,166965,77214.2,41121.4,130675,164957,53898.5,61304.7,152730,185064,57914.6,91112,91046.9,44211.9,227227,110511,154589
1579,1.76345e+06,1.63416e+06,1.04472e+06,125066,2.90547e+06,113200,1.16444e+06,582654,859065,74102.8,211161,168866,166623,132876,382861,195396,113461,63040,6381.62,32584.2,20439.1,63740.1,105271,1453.53,184767,211262,128534,250437,330664,166936,77275.5,41158,130740,164969,53879.1,61349.6,152810,185121,57917.3,91159.6,91134.6,44204.3,227325,110512,154596
1580,1.77445e+06,1.62927e+06,1.05128e+06,124820,2.91266e+06,113205,1.16677e+06,584651,857328,74178.9,211137,168842,166655,132937,382846,195394,113424,63088.2,6461.94,32658.5,20512.1,63824.9,105351,1503.38,184737,211288,128558,250485,330703,166906,77336.5,41194.4,130805,164981,53859.5,61394.3,152890,185179,57920,91206.4,91222.1,44196.5,227422,110512,154603
1581,1.78549e+06,1.6244e+06,1.05796e+06,124575,2.92008e+06,113211,1.16921e+06,586685,855576,74255.1,211114,168819,166686,132998,382830,195392,113387,63136.2,6542.19,32732.8,20585,63909.3,105431,1553.25,184706,211315,128581,250532,330742,166877,77397.3,41230.5,130869,164993,53839.7,61438.7,152970,185236,57922.6,91252.4,91309.6,44188.6,227518,110511,154610
1582,1.79657e+06,1.61953e+06,1.06475e+06,124332,2.92773e+06,113216,1.17177e+06,588758,853809,74331.3,211090,168795,166718,133059,382814,195390,113349,63184,6622.36,32807.1,20657.8,63993.3,105511,1603.15,184676,211340,128605,250578,330781,166847,77458,41266.4,130933,165005,53819.8,61482.9,153048,185293,57925.2,91297.7,91396.9,44180.4,227614,110510,154616
1583,1.80769e+06,1.61468e+06,1.07165e+06,124091,2.93563e+06,113221,1.17443e+06,590871,852027,74407.7,211066,168771,166750,133120,382796,195388,113312,63231.7,6702.45,32881.5,20730.5,64076.8,105590,1653.08,184644,211366,128627,250623,330819,166817,77518.4,41302,130996,165016,53799.7,61526.9,153127,185350,57927.6,91342.2,91484,44172.1,227710,110509,154623
1584,1.81885e+06,1.60985e+06,1.07868e+06,123852,2.94378e+06,113226,1.1772e+06,593025,850229,74484.1,211042,168746,166781,133181,382779,195386,113275,63279.1,6782.46,32955.7,20803,64159.9,105670,1703.03,184613,211391,128649,250667,330857,166786,77578.7,41337.4,131058,165027,53779.5,61570.6,153204,185407,57930,91385.9,91571,44163.5,227804,110507,154629
1585,1.83005e+06,1.60503e+06,1.08584e+06,123614,2.95218e+06,113230,1.18009e+06,595221,848417,74560.5,211017,168722,166813,133241,382760,195383,113237,63326.3,6862.38,33030,20875.5,64242.5,105749,1753,184581,211416,128671,250711,330895,166756,77638.7,41372.6,131120,165038,53759.1,61614.1,153281,185464,57932.4,91428.9,91657.9,44154.8,227898,110505,154636
1586,1.84129e+06,1.60023e+06,1.09312e+06,123378,2.96085e+06,113233,1.1831e+06,597460,846588,74637,210992,168698,166844,133302,382741,195381,113200,63373.4,6942.21,33104.3,20947.8,64324.7,105829,1802.99,184549,211441,128693,250754,330933,166725,77698.6,41407.5,131181,165049,53738.5,61657.3,153358,185520,57934.6,91471.1,91744.7,44145.9,227992,110502,154642
1587,1.85257e+06,1.59544e+06,1.10053e+06,123143,2.96978e+06,113237,1.18623e+06,599742,844745,74713.6,210967,168673,166876,133362,382722,195379,113162,63420.2,7021.95,33178.5,21020,64406.5,105908,1853,184517,211466,128714,250797,330969,166694,77758.3,41442.1,131242,165060,53717.9,61700.3,153434,185577,57936.8,91512.6,91831.2,44136.8,228085,110498,154648
1588,1.86389e+06,1.59067e+06,1.10808e+06,122911,2.97898e+06,113240,1.18948e+06,602071,842886,74790.2,210942,168648,166907,133422,382702,195376,113124,63466.9,7101.58,33252.7,21092.1,64487.7,105988,1903.04,184484,211490,128735,250838,331006,166663,77817.8,41476.6,131302,165071,53697,61743.1,153509,185633,57938.9,91553.3,91917.7,44127.6,228178,110494,154654
1589,1.87525e+06,1.58591e+06,1.11576e+06,122680,2.98847e+06,113243,1.19285e+06,604445,841012,74866.8,210916,168624,166939,133482,382681,195374,113087,63513.3,7181.11,33326.9,21164.1,64568.5,106067,1953.09,184451,211514,128756,250879,331042,166632,77877.2,41510.8,131362,165081,53676.1,61785.6,153583,185689,57941,91593.2,92003.9,44118.2,228270,110490,154660
1590,1.88665e+06,1.58118e+06,1.12359e+06,122451,2.99824e+06,113245,1.19635e+06,606868,839123,74943.6,210890,168599,166970,133542,382660,195372,113049,63559.6,7260.53,33401,21235.9,64648.9,106147,2003.15,184418,211538,128776,250920,331078,166601,77936.3,41544.7,131420,165091,53655,61827.9,153657,185746,57943,91632.4,92090,44108.6,228361,110485,154666
1591,1.89808e+06,1.57646e+06,1.13156e+06,122224,3.00831e+06,113247,1.19997e+06,609339,837218,75020.3,210864,168574,167001,133602,382639,195370,113011,63605.7,7339.84,33475.1,21307.5,64728.7,106226,2053.24,184384,211562,128796,250959,331114,166569,77995.2,41578.5,131479,165102,53633.9,61869.9,153731,185802,57944.9,91670.8,92176,44098.8,228452,110480,154672
1592,1.90955e+06,1.57176e+06,1.13968e+06,121999,3.01868e+06,113248,1.20373e+06,611861,835297,75097.1,210838,168550,167033,133662,382616,195367,112974,63651.6,7419.03,33549.2,21379,64808.1,106305,2103.33,184351,211585,128816,250998,331149,166537,78054,41612,131536,165112,53612.6,61911.7,153804,185858,57946.8,91708.4,92261.8,44088.9,228542,110474,154678
1593,1.92107e+06,1.56707e+06,1.14796e+06,121775,3.02936e+06,113249,1.20761e+06,614435,833361,75173.9,210812,168525,167064,133721,382594,195365,112936,63697.4,7498.09,33623.1,21450.4,64887,106384,2153.45,184317,211608,128835,251036,331184,166505,78112.6,41645.2,131593,165121,53591.2,61953.2,153876,185913,57948.6,91745.2,92347.4,44078.8,228632,110468,154684
1594,1.93262e+06,1.56241e+06,1.15639e+06,121554,3.04036e+06,113249,1.21164e+06,617063,831410,75250.8,210786,168500,167096,133780,382570,195363,112898,63742.9,7577.02,33697.1,21521.6,64965.4,106463,2203.57,184283,211631,128854,251074,331218,166473,78171,41678.2,131650,165131,53569.7,61994.5,153947,185969,57950.4,91781.2,92432.8,44068.6,228721,110461,154689
1595,1.9442e+06,1.55777e+06,1.16499e+06,121334,3.05169e+06,113249,1.2158e+06,619745,829443,75327.7,210759,168475,167127,133840,382546,195361,112861,63788.3,7655.81,33770.9,21592.6,65043.2,106542,2253.7,184248,211654,128873,251111,331252,166441,78229.2,41711,131705,165141,53548.1,62035.5,154018,186024,57952.1,91816.5,92518,44058.2,228809,110454,154695
1596,1.95583e+06,1.55315e+06,1.17376e+06,121116,3.06335e+06,113249,1.2201e+06,622484,827460,75404.6,210733,168451,167158,133898,382522,195358,112823,63833.5,7734.45,33844.7,21663.4,65120.6,106621,2303.84,184214,211676,128891,251147,331286,166409,78287.2,41743.6,131761,165150,53526.5,62076.3,154089,186080,57953.7,91850.9,92603,44047.7,228897,110446,154701
1597,1.96749e+06,1.54855e+06,1.1827e+06,120900,3.07536e+06,113248,1.22455e+06,625280,825462,75481.6,210706,168426,167190,133957,382497,195356,112785,63878.5,7812.95,33918.4,21734.1,65197.4,106700,2353.98,184179,211698,128909,251182,331319,166376,78345,41775.9,131815,165160,53504.7,62116.8,154158,186135,57955.3,91884.6,92687.9,44037.1,228984,110438,154706
1598,1.97919e+06,1.54397e+06,1.19181e+06,120686,3.08773e+06,113246,1.22914e+06,628137,823448,75558.6,210680,168401,167221,134016,382472,195354,112748,63923.4,7891.28,33992,21804.6,65273.7,106779,2404.13,184144,211720,128927,251217,331353,166344,78402.6,41807.9,131869,165169,53482.9,62157,154227,186190,57956.8,91917.4,92772.6,44026.3,229071,110429,154712
1599,1.99093e+06,1.53941e+06,1.20111e+06,120474,3.10046e+06,113244,1.23388e+06,631055,821418,75635.6,210653,168377,167253,134075,382446,195352,112710,63968,7969.45,34065.5,21874.9,65349.5,106857,2454.29,184109,211742,128944,251251,331385,166311,78460.1,41839.8,131922,165178,53461.1,62197,154295,186245,57958.3,91949.4,92857,44015.4,229157,110420,154717
1600,2.00271e+06,1.53488e+06,1.2106e+06,120264,3.11356e+06,113241,1.23878e+06,634037,819373,75712.7,210627,168353,167284,134133,382420,195351,112673,64012.5,8047.44,34138.9,21945,65424.7,106936,2504.44,184074,211764,128962,251284,331418,166279,78517.3,41871.4,131975,165187,53439.2,62236.7,154363,186300,57959.7,91980.6,92941.3,44004.3,229243,110410,154723
1601,2.01452e+06,1.53037e+06,1.22028e+06,120056,3.12706e+06,113238,1.24384e+06,637083,817311,75789.8,210600,168329,167316,134191,382393,195349,112636,64056.8,8125.25,34212.1,22014.8,65499.3,107014,2554.59,184039,211786,128979,251317,331450,166246,78574.4,41902.8,132026,165196,53417.2,62276.2,154430,186355,57961.1,92011,93025.3,43993.2,229327,110400,154728
1602,2.02637e+06,1.52589e+06,1.23016e+06,119850,3.14095e+06,113234,1.24905e+06,640197,815234,75866.9,210573,168305,167347,134249,382366,195348,112599,64101,8202.87,34285.3,22084.5,65573.4,107092,2604.74,184004,211807,128995,251349,331481,166213,78631.2,41934,132078,165205,53395.3,62315.3,154496,186409,57962.4,92040.5,93109.2,43981.9,229412,110390,154734
1603,2.03826e+06,1.52143e+06,1.24024e+06,119646,3.15525e+06,113230,1.25443e+06,643380,813141,75944,210547,168281,167379,134307,382338,195346,112562,64145,8280.29,34358.3,22153.9,65646.9,107171,2654.89,183968,211828,129012,251381,331513,166181,78687.9,41964.9,132128,165214,53373.3,62354.2,154562,186464,57963.7,92069.2,93192.8,43970.5,229495,110379,154739
1604,2.05019e+06,1.51699e+06,1.25054e+06,119444,3.16997e+06,113225,1.25998e+06,646635,811032,76021.1,210520,168257,167410,134365,382310,195345,112525,64188.8,8357.49,34431.2,22223.2,65719.8,107249,2705.02,183933,211849,129028,251411,331544,166148,78744.4,41995.6,132178,165223,53351.2,62392.8,154627,186518,57964.9,92097.1,93276.2,43959,229578,110368,154744
1605,2.06215e+06,1.51258e+06,1.26105e+06,119244,3.18513e+06,113219,1.26571e+06,649963,808906,76098.3,210494,168234,167442,134422,382282,195344,112489,64232.4,8434.47,34504,22292.1,65792,107327,2755.15,183897,211870,129043,251441,331575,166115,78800.7,42026.1,132227,165231,53329.2,62431.2,154691,186572,57966,92124.1,93359.4,43947.5,229660,110356,154750
1606,2.07416e+06,1.5082e+06,1.27179e+06,119046,3.20073e+06,113213,1.27161e+06,653367,806765,76175.5,210468,168211,167474,134480,382253,195343,112452,64275.9,8511.23,34576.6,22360.9,65863.7,107405,2805.26,183862,211891,129059,251471,331605,166082,78856.8,42056.3,132275,165240,53307.2,62469.2,154754,186626,57967.1,92150.2,93442.4,43935.8,229742,110344,154755
1607,2.0862e+06,1.50385e+06,1.28276e+06,118850,3.2168e+06,113206,1.27769e+06,656849,804607,76252.7,210442,168188,167506,134537,382224,195343,112416,64319.3,8587.74,34649,22429.3,65934.7,107482,2855.36,183826,211912,129074,251500,331635,166049,78912.7,42086.4,132323,165248,53285.3,62507,154817,186680,57968.2,92175.5,93525.2,43924.1,229823,110331,154760
1608,2.09829e+06,1.49953e+06,1.29397e+06,118657,3.23334e+06,113198,1.28396e+06,660413,802434,76329.9,210416,168166,167538,134594,382194,195342,112381,64362.4,8664,34721.2,22497.5,66005.1,107560,2905.43,183790,211932,129090,251528,331665,166016,78968.3,42116.2,132370,165257,53263.3,62544.5,154878,186734,57969.2,92199.8,93607.7,43912.3,229903,110318,154766
1609,2.11041e+06,1.49523e+06,1.30543e+06,118466,3.25037e+06,113190,1.29043e+06,664059,800243,76407.1,210391,168144,167570,134651,382164,195342,112345,64405.4,8739.99,34793.3,22565.5,66074.8,107638,2955.49,183754,211953,129104,251555,331694,165984,79023.8,42145.8,132416,165265,53241.4,62581.7,154939,186787,57970.2,92223.3,93689.9,43900.4,229983,110305,154771
1610,2.12257e+06,1.49097e+06,1.31714e+06,118277,3.26791e+06,113181,1.29709e+06,667792,798037,76484.4,210366,168123,167602,134708,382134,195343,112310,64448.3,8815.7,34865.1,22633.1,66143.8,107715,3005.52,183719,211973,129119,251582,331723,165951,79079.1,42175.1,132461,165273,53219.5,62618.5,155000,186841,57971.1,92245.9,93772,43888.5,230061,110291,154777
1611,2.13478e+06,1.48674e+06,1.32911e+06,118090,3.28597e+06,113172,1.30395e+06,671613,795814,76561.6,210341,168102,167634,134765,382103,195343,112275,64491,8891.13,34936.7,22700.5,66212.2,107792,3055.53,183683,211993,129133,251608,331752,165918,79134.2,42204.3,132506,165282,53197.7,62655.1,155059,186894,57972,92267.5,93853.8,43876.5,230139,110277,154782
1612,2.14703e+06,1.48254e+06,1.34135e+06,117906,3.30457e+06,113161,1.31102e+06,675526,793574,76638.9,210316,168081,167667,134821,382072,195344,112240,64533.5,8966.25,35008.1,22767.5,66279.8,107869,3105.5,183647,212014,129148,251633,331781,165886,79189,42233.2,132550,165290,53176,62691.4,155118,186947,57972.8,92288.2,93935.3,43864.6,230217,110262,154788
1613,2.15932e+06,1.47838e+06,1.35388e+06,117724,3.32373e+06,113150,1.31831e+06,679534,791318,76716.2,210292,168061,167699,134878,382041,195346,112206,64575.9,9041.05,35079.3,22834.3,66346.7,107946,3155.44,183612,212034,129162,251658,331809,165853,79243.7,42261.9,132593,165298,53154.4,62727.4,155176,187000,57973.6,92308,94016.6,43852.5,230293,110247,154793
1614,2.17165e+06,1.47424e+06,1.36669e+06,117544,3.34346e+06,113139,1.32581e+06,683640,789045,76793.6,210269,168041,167732,134934,382010,195347,112172,64618.2,9115.52,35150.2,22900.7,66412.8,108023,3205.34,183576,212054,129176,251682,331837,165821,79298.1,42290.4,132635,165306,53132.8,62763,155233,187053,57974.3,92326.8,94097.7,43840.5,230369,110232,154799
1615,2.18403e+06,1.47015e+06,1.3798e+06,117367,3.36378e+06,113126,1.33355e+06,687847,786755,76870.9,210245,168022,167765,134990,381978,195349,112139,64660.2,9189.65,35220.9,22966.7,66478.2,108099,3255.2,183541,212074,129189,251706,331864,165789,79352.3,42318.7,132676,165315,53111.4,62798.4,155289,187106,57975,92344.7,94178.5,43828.4,230444,110216,154804
1616,2.19645e+06,1.46609e+06,1.39322e+06,117192,3.38472e+06,113113,1.34152e+06,692159,784448,76948.3,210223,168004,167798,135047,381946,195352,112106,64702.2,9263.41,35291.2,23032.5,66542.8,108175,3305.01,183505,212094,129203,251729,331892,165757,79406.3,42346.8,132717,165323,53090.1,62833.4,155344,187158,57975.6,92361.6,94259,43816.4,230519,110199,154810
1617,2.20892e+06,1.46206e+06,1.40696e+06,117020,3.4063e+06,113098,1.34973e+06,696580,782124,77025.7,210201,167986,167831,135103,381913,195355,112074,64744,9336.8,35361.3,23097.8,66606.5,108252,3354.78,183470,212114,129216,251751,331919,165725,79460.1,42374.7,132756,165331,53069,62868.1,155398,187211,57976.2,92377.4,94339.3,43804.3,230592,110183,154816
1618,2.22144e+06,1.45808e+06,1.42103e+06,116850,3.42853e+06,113084,1.35819e+06,701112,779783,77103.1,210179,167969,167865,135158,381881,195359,112042,64785.7,9409.79,35431.1,23162.8,66669.5,108327,3404.49,183435,212134,129229,251773,331945,165694,79513.7,42402.4,132795,165339,53048,62902.4,155451,187263,57976.8,92392.3,94419.3,43792.3,230665,110166,154822
1619,2.234e+06,1.45414e+06,1.43544e+06,116683,3.45144e+06,113068,1.3669e+06,705761,777424,77180.5,210158,167953,167899,135214,381848,195363,112011,64827.2,9482.37,35500.5,23227.4,66731.6,108403,3454.14,183400,212154,129242,251794,331972,165662,79567,42429.8,132833,165348,53027.2,62936.4,155504,187315,57977.3,92406.1,94499,43780.4,230736,110148,154828
1620,2.24662e+06,1.45023e+06,1.45021e+06,116518,3.47506e+06,113051,1.37588e+06,710530,775049,77257.9,210138,167938,167933,135270,381816,195368,111980,64868.6,9554.53,35569.6,23291.6,66792.8,108479,3503.74,183366,212174,129255,251814,331998,165631,79620,42457.1,132870,165356,53006.5,62970.1,155555,187366,57977.8,92418.9,94578.5,43768.4,230807,110131,154834
1621,2.25929e+06,1.44637e+06,1.46534e+06,116357,3.4994e+06,113034,1.38514e+06,715424,772655,77335.4,210119,167923,167967,135326,381783,195373,111950,64909.9,9626.23,35638.4,23355.4,66853.1,108554,3553.26,183331,212194,129268,251834,332024,165600,79672.9,42484.2,132905,165364,52986.1,63003.4,155606,187418,57978.2,92430.6,94657.7,43756.6,230877,110112,154840
1622,2.27201e+06,1.44255e+06,1.48084e+06,116197,3.5245e+06,113015,1.39468e+06,720446,770244,77412.9,210101,167910,168001,135381,381750,195379,111921,64951,9697.47,35706.7,23418.8,66912.5,108629,3602.71,183297,212214,129281,251853,332050,165570,79725.5,42511,132940,165373,52965.9,63036.4,155655,187470,57978.6,92441.2,94736.6,43744.8,230947,110094,154846
1623,2.28479e+06,1.43878e+06,1.49675e+06,116041,3.55038e+06,112996,1.40451e+06,725602,767816,77490.5,210083,167897,168036,135437,381716,195386,111892,64992,9768.22,35774.7,23481.7,66971,108704,3652.09,183263,212234,129293,251871,332075,165539,79777.8,42537.7,132974,165381,52945.9,63069,155703,187521,57978.9,92450.7,94815.2,43733,231015,110075,154853
1624,2.29763e+06,1.43505e+06,1.51305e+06,115888,3.57708e+06,112976,1.41464e+06,730897,765369,77568,210066,167886,168071,135492,381683,195393,111864,65032.9,9838.47,35842.3,23544.2,67028.5,108778,3701.39,183229,212254,129306,251889,332100,165510,79829.9,42564.2,133007,165390,52926.2,63101.3,155751,187572,57979.2,92459.1,94893.5,43721.4,231082,110056,154859
1625,2.31053e+06,1.43137e+06,1.52978e+06,115737,3.60461e+06,112955,1.42509e+06,736336,762905,77645.6,210051,167875,168107,135547,381650,195401,111837,65073.6,9908.18,35909.4,23606.2,67085,108853,3750.6,183196,212274,129318,251906,332125,165480,79881.7,42590.5,133039,165398,52906.7,63133.1,155797,187623,57979.4,92466.4,94971.6,43709.9,231148,110036,154866
1626,2.3235e+06,1.42773e+06,1.54695e+06,115590,3.63302e+06,112933,1.43586e+06,741925,760422,77723.3,210036,167866,168143,135603,381617,195410,111811,65114.2,9977.35,35976.1,23667.7,67140.4,108927,3799.72,183163,212295,129330,251922,332150,165451,79933.3,42616.6,133070,165407,52887.6,63164.6,155842,187674,57979.6,92472.5,95049.4,43698.6,231214,110016,154873
1627,2.33652e+06,1.42415e+06,1.56457e+06,115445,3.66233e+06,112910,1.44696e+06,747668,757921,77801,210023,167858,168179,135658,381584,195420,111786,65154.7,10045.9,36042.3,23728.7,67194.8,109000,3848.74,183130,212315,129343,251938,332174,165422,79984.6,42642.5,133099,165416,52868.7,63195.8,155886,187724,57979.8,92477.4,95126.8,43687.4,231278,109996,154880
1628,2.34962e+06,1.42062e+06,1.58266e+06,115303,3.69259e+06,112886,1.45841e+06,753572,755402,77878.7,210010,167851,168216,135713,381550,195431,111762,65195.1,10113.9,36108,23789.2,67248.2,109074,3897.65,183098,212336,129355,251953,332198,165394,80035.6,42668.2,133128,165425,52850.2,63226.5,155929,187774,57979.9,92481.1,95204,43676.3,231341,109976,154887
1629,2.36279e+06,1.41715e+06,1.60124e+06,115165,3.72383e+06,112861,1.47022e+06,759643,752864,77956.5,209999,167845,168253,135769,381517,195442,111738,65235.4,10181.3,36173.1,23849.2,67300.3,109147,3946.45,183066,212357,129367,251968,332222,165366,80086.4,42693.7,133155,165434,52832.1,63256.8,155970,187825,57980,92483.6,95280.9,43665.4,231404,109955,154895
1630,2.37598e+06,1.41374e+06,1.62035e+06,115031,3.75623e+06,112835,1.48248e+06,765892,750296,78034.5,209992,167843,168291,135824,381485,195456,111717,65275.8,10247.5,36237.4,23908.3,67350.5,109219,3995.1,183035,212378,129380,251982,332247,165339,80136.7,42719.1,133180,165443,52814.7,63286.5,156009,187874,57980.1,92483.8,95357.6,43655.1,231464,109933,154903
