Temp,Mo@liq,Si@liq,Ti@liq,Mo@bcc,Si@bcc,Ti@bcc
912,0.272313,0.0127183,0.714968,0.0316112,0.135745,0.832644
911,0.272734,0.0125928,0.714673,0.031521,0.135806,0.832673
910,0.273152,0.012469,0.714379,0.0314308,0.135867,0.832703
909,0.273566,0.0123469,0.714087,0.0313405,0.135927,0.832732
908,0.273978,0.0122265,0.713796,0.0312502,0.135988,0.832762
907,0.274386,0.0121077,0.713506,0.0311598,0.136049,0.832791
906,0.274791,0.0119905,0.713218,0.0310693,0.13611,0.83282
905,0.275194,0.0118749,0.712931,0.0309788,0.136171,0.83285
904,0.275593,0.0117607,0.712646,0.0308882,0.136233,0.832879
903,0.27599,0.0116481,0.712362,0.0307976,0.136294,0.832909
902,0.276384,0.0115369,0.712079,0.0307069,0.136355,0.832938
901,0.276776,0.0114271,0.711797,0.0306162,0.136416,0.832967
900,0.277166,0.0113185,0.711516,0.0305255,0.136478,0.832997
899,0.277553,0.0112114,0.711236,0.0304347,0.136539,0.833026
898,0.277937,0.0111057,0.710957,0.0303439,0.136601,0.833055
897,0.278319,0.0110012,0.71068,0.0302531,0.136662,0.833085
896,0.278699,0.0108979,0.710403,0.0301622,0.136724,0.833114
895,0.279076,0.0107959,0.710128,0.0300713,0.136786,0.833143
894,0.279452,0.0106952,0.709853,0.0299803,0.136847,0.833172
893,0.279825,0.0105955,0.70958,0.0298894,0.136909,0.833201
892,0.280196,0.0104971,0.709307,0.0297984,0.136971,0.833231
891,0.280565,0.0103998,0.709035,0.0297074,0.137033,0.83326
890,0.280932,0.0103036,0.708764,0.0296163,0.137095,0.833289
889,0.281297,0.0102085,0.708494,0.0295253,0.137157,0.833318
888,0.281661,0.0101145,0.708225,0.0294342,0.137219,0.833347
887,0.282022,0.0100215,0.707956,0.0293431,0.137281,0.833376
886,0.282382,0.00992956,0.707689,0.029252,0.137343,0.833405
885,0.28274,0.00983863,0.707422,0.0291609,0.137405,0.833434
884,0.283096,0.00974869,0.707156,0.0290698,0.137467,0.833463
883,0.28345,0.00965973,0.70689,0.0289787,0.13753,0.833492
882,0.283803,0.00957173,0.706625,0.0288875,0.137592,0.83352
881,0.284154,0.00948467,0.706361,0.0287964,0.137654,0.833549
880,0.284504,0.00939853,0.706098,0.0287053,0.137717,0.833578
879,0.284852,0.00931331,0.705835,0.0286141,0.137779,0.833607
878,0.285198,0.00922898,0.705573,0.028523,0.137842,0.833635
877,0.285544,0.00914553,0.705311,0.0284319,0.137904,0.833664
876,0.285887,0.00906294,0.70505,0.0283408,0.137967,0.833693
875,0.286229,0.0089812,0.70479,0.0282497,0.138029,0.833721
874,0.28657,0.0089003,0.70453,0.0281586,0.138092,0.83375
873,0.286909,0.00882022,0.70427,0.0280675,0.138154,0.833778
872,0.287248,0.00874095,0.704012,0.0279764,0.138217,0.833807
871,0.287584,0.00866248,0.703753,0.0278853,0.13828,0.833835
870,0.28792,0.00858479,0.703495,0.0277943,0.138342,0.833863
869,0.288254,0.00850787,0.703238,0.0277033,0.138405,0.833892
868,0.288587,0.00843171,0.702981,0.0276123,0.138468,0.83392
867,0.288919,0.0083563,0.702725,0.0275213,0.138531,0.833948
866,0.289249,0.00828163,0.702469,0.0274303,0.138593,0.833976
865,0.289579,0.00820768,0.702214,0.0273394,0.138656,0.834004
864,0.289907,0.00813445,0.701959,0.0272485,0.138719,0.834032
863,0.290234,0.00806192,0.701704,0.0271576,0.138782,0.83406
862,0.29056,0.00799009,0.70145,0.0270667,0.138845,0.834088
861,0.290885,0.00791895,0.701196,0.0269759,0.138908,0.834116
860,0.291209,0.00784847,0.700943,0.0268851,0.138971,0.834144
859,0.291532,0.00777867,0.70069,0.0267943,0.139034,0.834172
858,0.291854,0.00770952,0.700437,0.0267036,0.139097,0.8342
857,0.292174,0.00764101,0.700185,0.0266129,0.13916,0.834227
856,0.292494,0.00757315,0.699933,0.0265222,0.139223,0.834255
855,0.292813,0.00750591,0.699681,0.0264316,0.139286,0.834282
854,0.293131,0.0074393,0.69943,0.026341,0.139349,0.83431
853,0.293448,0.0073733,0.699178,0.0262505,0.139412,0.834337
852,0.293764,0.0073079,0.698928,0.02616,0.139475,0.834365
851,0.29408,0.0072431,0.698677,0.0260696,0.139538,0.834392
850,0.294394,0.00717889,0.698427,0.0259792,0.139601,0.834419
849,0.294707,0.00711526,0.698177,0.0258888,0.139665,0.834447
848,0.29502,0.00705221,0.697928,0.0257985,0.139728,0.834474
847,0.295332,0.00698972,0.697678,0.0257082,0.139791,0.834501
846,0.295643,0.00692779,0.697429,0.025618,0.139854,0.834528
845,0.295953,0.00686641,0.69718,0.0255279,0.139917,0.834555
844,0.296263,0.00680558,0.696932,0.0254378,0.13998,0.834582
843,0.296571,0.00674529,0.696683,0.0253477,0.140044,0.834609
842,0.296879,0.00668553,0.696435,0.0252577,0.140107,0.834635
841,0.297187,0.0066263,0.696187,0.0251678,0.14017,0.834662
840,0.297493,0.00656758,0.695939,0.0250779,0.140233,0.834689
839,0.297799,0.00650938,0.695692,0.0249881,0.140297,0.834715
838,0.298104,0.00645169,0.695444,0.0248983,0.14036,0.834742
837,0.298408,0.0063945,0.695197,0.0248086,0.140423,0.834768
836,0.298712,0.0063378,0.69495,0.024719,0.140486,0.834795
835,0.299015,0.0062816,0.694703,0.0246294,0.140549,0.834821
834,0.299318,0.00622588,0.694456,0.0245399,0.140613,0.834847
833,0.299619,0.00617063,0.69421,0.0244505,0.140676,0.834874
832,0.299921,0.00611586,0.693963,0.0243611,0.140739,0.8349
831,0.300221,0.00606156,0.693717,0.0242718,0.140802,0.834926
830,0.300521,0.00600773,0.693471,0.0241826,0.140866,0.834952
829,0.300821,0.00595434,0.693225,0.0240935,0.140929,0.834978
828,0.301119,0.00590142,0.692979,0.0240044,0.140992,0.835003
827,0.301418,0.00584894,0.692733,0.0239154,0.141055,0.835029
826,0.301715,0.0057969,0.692488,0.0238264,0.141119,0.835055
825,0.302012,0.0057453,0.692242,0.0237376,0.141182,0.83508
824,0.302309,0.00569414,0.691997,0.0236488,0.141245,0.835106
823,0.302605,0.0056434,0.691752,0.0235601,0.141308,0.835131
822,0.302901,0.00559309,0.691506,0.0234715,0.141372,0.835157
821,0.303196,0.0055432,0.691261,0.023383,0.141435,0.835182
820,0.30349,0.00549372,0.691016,0.0232945,0.141498,0.835207
819,0.303784,0.00544466,0.690771,0.0232061,0.141561,0.835233
818,0.304078,0.005396,0.690526,0.0231178,0.141625,0.835258
817,0.304371,0.00534775,0.690281,0.0230296,0.141688,0.835283
816,0.304664,0.00529989,0.690036,0.0229415,0.141751,0.835308
815,0.304956,0.00525243,0.689792,0.0228535,0.141814,0.835332
814,0.305248,0.00520536,0.689547,0.0227655,0.141877,0.835357
813,0.305539,0.00515868,0.689302,0.0226777,0.14194,0.835382
812,0.30583,0.00511238,0.689058,0.0225899,0.142004,0.835406
811,0.306121,0.00506646,0.688813,0.0225022,0.142067,0.835431
810,0.306411,0.00502092,0.688568,0.0224147,0.14213,0.835455
809,0.3067,0.00497575,0.688324,0.0223272,0.142193,0.83548
808,0.30699,0.00493094,0.688079,0.0222398,0.142256,0.835504
807,0.307279,0.00488651,0.687835,0.0221525,0.142319,0.835528
806,0.307567,0.00484243,0.68759,0.0220653,0.142382,0.835552
805,0.307855,0.00479871,0.687346,0.0219782,0.142445,0.835577
804,0.308143,0.00475535,0.687101,0.0218912,0.142508,0.8356
803,0.308431,0.00471234,0.686857,0.0218043,0.142571,0.835624
802,0.308718,0.00466967,0.686612,0.0217175,0.142634,0.835648
801,0.309005,0.00462735,0.686368,0.0216308,0.142697,0.835672
800,0.309291,0.00458538,0.686123,0.0215442,0.14276,0.835696
799,0.309577,0.00454374,0.685879,0.0214577,0.142823,0.835719
798,0.309863,0.00450243,0.685634,0.0213713,0.142886,0.835743
797,0.310149,0.00446146,0.68539,0.021285,0.142949,0.835766
796,0.310434,0.00442082,0.685145,0.0211988,0.143012,0.835789
795,0.310719,0.00438051,0.6849,0.0211127,0.143075,0.835812
794,0.311004,0.00434052,0.684656,0.0210268,0.143138,0.835835
793,0.311288,0.00430085,0.684411,0.0209409,0.143201,0.835858
792,0.311572,0.00426149,0.684166,0.0208552,0.143263,0.835881
791,0.311856,0.00422246,0.683921,0.0207695,0.143326,0.835904
790,0.31214,0.00418373,0.683676,0.020684,0.143389,0.835927
789,0.312423,0.00414532,0.683432,0.0205986,0.143452,0.83595
788,0.312706,0.00410721,0.683187,0.0205133,0.143514,0.835972
787,0.312989,0.00406941,0.682942,0.0204281,0.143577,0.835995
786,0.313272,0.0040319,0.682696,0.020343,0.14364,0.836017
785,0.313554,0.0039947,0.682451,0.0202581,0.143702,0.836039
784,0.313836,0.0039578,0.682206,0.0201732,0.143765,0.836062
783,0.314118,0.00392118,0.681961,0.0200885,0.143828,0.836084
782,0.3144,0.00388486,0.681715,0.0200039,0.14389,0.836106
781,0.314681,0.00384883,0.68147,0.0199194,0.143953,0.836128
780,0.314963,0.00381309,0.681224,0.0198351,0.144015,0.83615
779,0.315244,0.00377763,0.680978,0.0197508,0.144078,0.836171
778,0.315525,0.00374245,0.680733,0.0196667,0.14414,0.836193
777,0.315806,0.00370755,0.680487,0.0195827,0.144203,0.836215
776,0.316086,0.00367293,0.680241,0.0194988,0.144265,0.836236
775,0.316367,0.00363859,0.679995,0.0194151,0.144327,0.836257
774,0.316647,0.00360452,0.679749,0.0193315,0.14439,0.836279
773,0.316927,0.00357072,0.679502,0.019248,0.144452,0.8363
772,0.317207,0.00353718,0.679256,0.0191646,0.144514,0.836321
771,0.317487,0.00350392,0.67901,0.0190814,0.144577,0.836342
770,0.317766,0.00347091,0.678763,0.0189982,0.144639,0.836363
769,0.318046,0.00343818,0.678516,0.0189153,0.144701,0.836384
768,0.318325,0.0034057,0.678269,0.0188324,0.144763,0.836404
767,0.318604,0.00337347,0.678022,0.0187497,0.144825,0.836425
766,0.318883,0.00334151,0.677775,0.0186671,0.144887,0.836446
765,0.319162,0.0033098,0.677528,0.0185847,0.144949,0.836466
764,0.319441,0.00327834,0.677281,0.0185023,0.145011,0.836486
763,0.31972,0.00324713,0.677033,0.0184201,0.145073,0.836506
762,0.319998,0.00321617,0.676785,0.0183381,0.145135,0.836527
761,0.320277,0.00318546,0.676538,0.0182562,0.145197,0.836547
760,0.320555,0.00315499,0.67629,0.0181744,0.145259,0.836567
759,0.320834,0.00312476,0.676042,0.0180927,0.145321,0.836586
758,0.321112,0.00309477,0.675793,0.0180112,0.145383,0.836606
757,0.32139,0.00306502,0.675545,0.0179299,0.145444,0.836626
756,0.321668,0.00303551,0.675296,0.0178486,0.145506,0.836645
755,0.321946,0.00300624,0.675048,0.0177676,0.145568,0.836665
754,0.322224,0.00297719,0.674799,0.0176866,0.145629,0.836684
753,0.322502,0.00294838,0.67455,0.0176058,0.145691,0.836703
752,0.32278,0.0029198,0.674301,0.0175252,0.145753,0.836722
751,0.323057,0.00289145,0.674051,0.0174446,0.145814,0.836741
750,0.323335,0.00286333,0.673802,0.0173643,0.145876,0.83676
749,0.323613,0.00283543,0.673552,0.017284,0.145937,0.836779
748,0.32389,0.00280775,0.673302,0.0172039,0.145998,0.836798
747,0.324168,0.00278029,0.673052,0.017124,0.14606,0.836816
746,0.324445,0.00275306,0.672802,0.0170442,0.146121,0.836835
745,0.324723,0.00272604,0.672551,0.0169646,0.146182,0.836853
744,0.325,0.00269924,0.672301,0.0168851,0.146243,0.836871
743,0.325277,0.00267265,0.67205,0.0168057,0.146305,0.83689
742,0.325555,0.00264628,0.671799,0.0167265,0.146366,0.836908
741,0.325832,0.00262012,0.671548,0.0166475,0.146427,0.836926
740,0.326109,0.00259417,0.671296,0.0165686,0.146488,0.836944
739,0.326387,0.00256843,0.671045,0.0164899,0.146549,0.836961
738,0.326664,0.0025429,0.670793,0.0164113,0.14661,0.836979
737,0.326941,0.00251758,0.670541,0.0163328,0.146671,0.836997
736,0.327219,0.00249245,0.670289,0.0162545,0.146732,0.837014
735,0.327496,0.00246754,0.670037,0.0161764,0.146792,0.837031
734,0.327773,0.00244282,0.669784,0.0160984,0.146853,0.837049
733,0.328051,0.0024183,0.669531,0.0160206,0.146914,0.837066
732,0.328328,0.00239398,0.669278,0.015943,0.146974,0.837083
731,0.328605,0.00236986,0.669025,0.0158654,0.147035,0.8371
730,0.328883,0.00234594,0.668771,0.0157881,0.147096,0.837116
729,0.32916,0.00232221,0.668518,0.0157109,0.147156,0.837133
728,0.329437,0.00229867,0.668264,0.0156339,0.147216,0.83715
727,0.329715,0.00227533,0.66801,0.015557,0.147277,0.837166
726,0.329992,0.00225217,0.667755,0.0154803,0.147337,0.837182
725,0.33027,0.00222921,0.667501,0.0154037,0.147398,0.837199
724,0.330548,0.00220643,0.667246,0.0153273,0.147458,0.837215
723,0.330825,0.00218384,0.666991,0.0152511,0.147518,0.837231
722,0.331103,0.00216144,0.666736,0.015175,0.147578,0.837247
721,0.331381,0.00213922,0.66648,0.0150991,0.147638,0.837263
720,0.331658,0.00211718,0.666224,0.0150234,0.147698,0.837278
719,0.331936,0.00209532,0.665968,0.0149478,0.147758,0.837294
718,0.332214,0.00207365,0.665712,0.0148724,0.147818,0.837309
717,0.332492,0.00205215,0.665456,0.0147972,0.147878,0.837325
716,0.33277,0.00203083,0.665199,0.0147221,0.147938,0.83734
715,0.333048,0.00200969,0.664942,0.0146472,0.147998,0.837355
714,0.333326,0.00198872,0.664685,0.0145724,0.148057,0.83737
713,0.333605,0.00196793,0.664427,0.0144979,0.148117,0.837385
712,0.333883,0.00194731,0.66417,0.0144235,0.148177,0.8374
711,0.334161,0.00192686,0.663912,0.0143492,0.148236,0.837415
710,0.33444,0.00190659,0.663654,0.0142751,0.148296,0.837429
709,0.334719,0.00188648,0.663395,0.0142012,0.148355,0.837444
708,0.334997,0.00186654,0.663136,0.0141275,0.148414,0.837458
707,0.335276,0.00184677,0.662877,0.014054,0.148474,0.837472
706,0.335555,0.00182716,0.662618,0.0139806,0.148533,0.837486
705,0.335834,0.00180772,0.662358,0.0139074,0.148592,0.837501
704,0.336113,0.00178844,0.662099,0.0138343,0.148651,0.837514
703,0.336392,0.00176933,0.661838,0.0137614,0.14871,0.837528
702,0.336672,0.00175037,0.661578,0.0136888,0.148769,0.837542
701,0.336951,0.00173158,0.661317,0.0136162,0.148828,0.837555
700,0.33723,0.00171295,0.661057,0.0135439,0.148887,0.837569
699,0.33751,0.00169447,0.660795,0.0134717,0.148946,0.837582
698,0.33779,0.00167615,0.660534,0.0133997,0.149005,0.837595
697,0.33807,0.00165799,0.660272,0.0133279,0.149064,0.837609
696,0.33835,0.00163999,0.66001,0.0132563,0.149122,0.837622
695,0.33863,0.00162213,0.659748,0.0131848,0.149181,0.837634
694,0.33891,0.00160443,0.659485,0.0131135,0.149239,0.837647
693,0.339191,0.00158689,0.659222,0.0130424,0.149298,0.83766
692,0.339471,0.00156949,0.658959,0.0129715,0.149356,0.837672
691,0.339752,0.00155225,0.658696,0.0129007,0.149414,0.837685
690,0.340033,0.00153515,0.658432,0.0128302,0.149473,0.837697
689,0.340314,0.0015182,0.658168,0.0127598,0.149531,0.837709
688,0.340595,0.0015014,0.657903,0.0126896,0.149589,0.837721
687,0.340877,0.00148474,0.657639,0.0126196,0.149647,0.837733
686,0.341158,0.00146823,0.657374,0.0125497,0.149705,0.837745
685,0.34144,0.00145187,0.657108,0.01248,0.149763,0.837757
684,0.341721,0.00143564,0.656843,0.0124106,0.149821,0.837768
683,0.342003,0.00141956,0.656577,0.0123413,0.149879,0.83778
682,0.342286,0.00140362,0.656311,0.0122722,0.149937,0.837791
681,0.342568,0.00138782,0.656044,0.0122032,0.149994,0.837802
680,0.34285,0.00137216,0.655778,0.0121345,0.150052,0.837814
679,0.343133,0.00135664,0.65551,0.0120659,0.150109,0.837825
678,0.343416,0.00134126,0.655243,0.0119976,0.150167,0.837835
677,0.343699,0.00132601,0.654975,0.0119294,0.150224,0.837846
676,0.343982,0.0013109,0.654707,0.0118614,0.150282,0.837857
675,0.344265,0.00129592,0.654439,0.0117936,0.150339,0.837867
674,0.344549,0.00128108,0.65417,0.011726,0.150396,0.837878
673,0.344833,0.00126636,0.653901,0.0116585,0.150453,0.837888
672,0.345117,0.00125179,0.653632,0.0115913,0.15051,0.837898
671,0.345401,0.00123734,0.653362,0.0115242,0.150567,0.837908
670,0.345685,0.00122302,0.653092,0.0114573,0.150624,0.837918
669,0.34597,0.00120883,0.652822,0.0113907,0.150681,0.837928
668,0.346254,0.00119477,0.652551,0.0113242,0.150738,0.837938
667,0.346539,0.00118084,0.65228,0.0112579,0.150795,0.837947
666,0.346824,0.00116704,0.652009,0.0111917,0.150851,0.837957
665,0.34711,0.00115336,0.651737,0.0111258,0.150908,0.837966
664,0.347395,0.00113981,0.651465,0.0110601,0.150965,0.837975
663,0.347681,0.00112638,0.651193,0.0109946,0.151021,0.837984
662,0.347967,0.00111307,0.65092,0.0109292,0.151077,0.837993
661,0.348253,0.00109989,0.650647,0.0108641,0.151134,0.838002
660,0.34854,0.00108683,0.650373,0.0107991,0.15119,0.838011
659,0.348826,0.00107388,0.6501,0.0107343,0.151246,0.83802
658,0.349113,0.00106106,0.649826,0.0106698,0.151302,0.838028
657,0.3494,0.00104836,0.649551,0.0106054,0.151358,0.838036
656,0.349688,0.00103578,0.649277,0.0105412,0.151414,0.838045
655,0.349975,0.00102331,0.649001,0.0104772,0.15147,0.838053
654,0.350263,0.00101097,0.648726,0.0104134,0.151526,0.838061
653,0.350551,0.000998733,0.64845,0.0103498,0.151582,0.838069
652,0.350839,0.000986616,0.648174,0.0102864,0.151637,0.838076
651,0.351128,0.000974613,0.647897,0.0102232,0.151693,0.838084
650,0.351417,0.000962724,0.647621,0.0101602,0.151748,0.838092
649,0.351706,0.000950948,0.647343,0.0100974,0.151804,0.838099
648,0.351995,0.000939284,0.647066,0.0100348,0.151859,0.838106
647,0.352284,0.000927732,0.646788,0.00997236,0.151914,0.838113
646,0.352574,0.00091629,0.64651,0.00991014,0.15197,0.83812
645,0.352864,0.000904958,0.646231,0.00984812,0.152025,0.838127
644,0.353154,0.000893734,0.645952,0.00978629,0.15208,0.838134
643,0.353445,0.00088262,0.645672,0.00972467,0.152135,0.838141
642,0.353736,0.000871612,0.645393,0.00966324,0.15219,0.838147
641,0.354027,0.000860712,0.645112,0.00960202,0.152244,0.838154
640,0.354318,0.000849918,0.644832,0.00954099,0.152299,0.83816
639,0.35461,0.000839229,0.644551,0.00948016,0.152354,0.838166
638,0.354902,0.000828644,0.64427,0.00941954,0.152408,0.838172
637,0.355194,0.000818164,0.643988,0.00935911,0.152463,0.838178
636,0.355486,0.000807787,0.643706,0.00929889,0.152517,0.838184
635,0.355779,0.000797512,0.643424,0.00923887,0.152572,0.83819
634,0.356072,0.000787338,0.643141,0.00917904,0.152626,0.838195
633,0.356365,0.000777266,0.642858,0.00911943,0.15268,0.8382
632,0.356659,0.000767294,0.642574,0.00906001,0.152734,0.838206
631,0.356952,0.000757421,0.64229,0.00900079,0.152788,0.838211
630,0.357247,0.000747648,0.642006,0.00894178,0.152842,0.838216
629,0.357541,0.000737972,0.641721,0.00888297,0.152896,0.838221
628,0.357836,0.000728394,0.641436,0.00882436,0.15295,0.838226
627,0.358131,0.000718913,0.64115,0.00876596,0.153004,0.83823
626,0.358426,0.000709527,0.640865,0.00870776,0.153057,0.838235
625,0.358721,0.000700238,0.640578,0.00864977,0.153111,0.838239
624,0.359017,0.000691042,0.640292,0.00859198,0.153164,0.838244
623,0.359313,0.000681941,0.640005,0.00853439,0.153218,0.838248
622,0.35961,0.000672933,0.639717,0.00847701,0.153271,0.838252
621,0.359907,0.000664018,0.639429,0.00841983,0.153324,0.838256
620,0.360204,0.000655194,0.639141,0.00836286,0.153377,0.83826
619,0.360501,0.000646462,0.638852,0.00830609,0.15343,0.838263
618,0.360799,0.000637821,0.638563,0.00824953,0.153483,0.838267
617,0.361097,0.000629269,0.638274,0.00819318,0.153536,0.83827
616,0.361395,0.000620807,0.637984,0.00813703,0.153589,0.838274
615,0.361694,0.000612433,0.637694,0.00808108,0.153642,0.838277
614,0.361993,0.000604148,0.637403,0.00802535,0.153695,0.83828
613,0.362292,0.000595949,0.637112,0.00796982,0.153747,0.838283
612,0.362592,0.000587838,0.63682,0.00791449,0.1538,0.838286
611,0.362892,0.000579812,0.636528,0.00785938,0.153852,0.838288
610,0.363192,0.000571872,0.636236,0.00780447,0.153905,0.838291
609,0.363493,0.000564017,0.635943,0.00774977,0.153957,0.838293
608,0.363793,0.000556245,0.63565,0.00769528,0.154009,0.838296
607,0.364095,0.000548558,0.635357,0.00764099,0.154061,0.838298
606,0.364396,0.000540953,0.635063,0.00758691,0.154113,0.8383
605,0.364698,0.00053343,0.634768,0.00753304,0.154165,0.838302
604,0.365001,0.000525989,0.634473,0.00747938,0.154217,0.838304
603,0.365303,0.000518629,0.634178,0.00742593,0.154269,0.838306
602,0.365606,0.000511349,0.633883,0.00737269,0.15432,0.838307
601,0.365909,0.000504149,0.633586,0.00731965,0.154372,0.838309
600,0.366213,0.000497028,0.63329,0.00726683,0.154423,0.83831
599,0.366517,0.000489986,0.632993,0.00721421,0.154475,0.838311
598,0.366821,0.000483022,0.632696,0.00716181,0.154526,0.838312
597,0.367126,0.000476135,0.632398,0.00710961,0.154577,0.838313
596,0.367431,0.000469324,0.6321,0.00705762,0.154628,0.838314
595,0.367736,0.00046259,0.631801,0.00700584,0.15468,0.838315
594,0.368042,0.000455932,0.631502,0.00695427,0.154731,0.838315
593,0.368348,0.000449348,0.631202,0.00690292,0.154781,0.838316
592,0.368655,0.000442838,0.630902,0.00685177,0.154832,0.838316
591,0.368962,0.000436403,0.630602,0.00680083,0.154883,0.838316
590,0.369269,0.00043004,0.630301,0.0067501,0.154934,0.838316
589,0.369576,0.00042375,0.63,0.00669959,0.154984,0.838316
588,0.369884,0.000417532,0.629698,0.00664928,0.155035,0.838316
587,0.370193,0.000411386,0.629396,0.00659918,0.155085,0.838316
586,0.370501,0.00040531,0.629093,0.0065493,0.155135,0.838315
585,0.37081,0.000399305,0.62879,0.00649963,0.155186,0.838315
584,0.37112,0.000393369,0.628487,0.00645016,0.155236,0.838314
583,0.371429,0.000387502,0.628183,0.00640091,0.155286,0.838313
582,0.37174,0.000381704,0.627879,0.00635187,0.155336,0.838312
581,0.37205,0.000375974,0.627574,0.00630304,0.155386,0.838311
580,0.372361,0.000370312,0.627269,0.00625443,0.155436,0.83831
579,0.372672,0.000364716,0.626963,0.00620602,0.155485,0.838309
578,0.372984,0.000359187,0.626657,0.00615783,0.155535,0.838307
577,0.373296,0.000353723,0.62635,0.00610984,0.155584,0.838306
576,0.373609,0.000348325,0.626043,0.00606207,0.155634,0.838304
575,0.373921,0.000342991,0.625736,0.00601451,0.155683,0.838302
574,0.374235,0.000337722,0.625428,0.00596717,0.155732,0.8383
573,0.374548,0.000332516,0.625119,0.00592003,0.155782,0.838298
572,0.374862,0.000327373,0.62481,0.00587311,0.155831,0.838296
571,0.375177,0.000322293,0.624501,0.0058264,0.15588,0.838294
570,0.375492,0.000317274,0.624191,0.0057799,0.155929,0.838291
569,0.375807,0.000312317,0.623881,0.00573361,0.155978,0.838289
568,0.376123,0.000307422,0.62357,0.00568753,0.156026,0.838286
567,0.376439,0.000302586,0.623259,0.00564167,0.156075,0.838283
566,0.376755,0.00029781,0.622947,0.00559602,0.156123,0.83828
565,0.377072,0.000293094,0.622635,0.00555058,0.156172,0.838277
564,0.377389,0.000288437,0.622322,0.00550535,0.15622,0.838274
563,0.377707,0.000283838,0.622009,0.00546034,0.156269,0.838271
562,0.378025,0.000279296,0.621696,0.00541554,0.156317,0.838268
561,0.378343,0.000274812,0.621382,0.00537095,0.156365,0.838264
560,0.378662,0.000270385,0.621067,0.00532657,0.156413,0.83826
559,0.378982,0.000266014,0.620752,0.0052824,0.156461,0.838257
558,0.379301,0.000261699,0.620437,0.00523845,0.156509,0.838253
557,0.379621,0.000257439,0.620121,0.00519471,0.156557,0.838249
556,0.379942,0.000253234,0.619805,0.00515118,0.156604,0.838244
555,0.380263,0.000249083,0.619488,0.00510786,0.156652,0.83824
554,0.380584,0.000244986,0.619171,0.00506475,0.156699,0.838236
553,0.380906,0.000240942,0.618853,0.00502186,0.156747,0.838231
552,0.381229,0.000236951,0.618534,0.00497918,0.156794,0.838227
551,0.381551,0.000233012,0.618216,0.00493671,0.156841,0.838222
550,0.381874,0.000229125,0.617896,0.00489445,0.156889,0.838217
549,0.382198,0.00022529,0.617577,0.00485241,0.156936,0.838212
548,0.382522,0.000221505,0.617257,0.00481057,0.156983,0.838207
547,0.382846,0.00021777,0.616936,0.00476895,0.15703,0.838202
546,0.383171,0.000214086,0.616615,0.00472754,0.157076,0.838196
545,0.383497,0.000210451,0.616293,0.00468634,0.157123,0.838191
544,0.383822,0.000206865,0.615971,0.00464536,0.15717,0.838185
543,0.384148,0.000203327,0.615648,0.00460458,0.157216,0.838179
542,0.384475,0.000199838,0.615325,0.00456402,0.157263,0.838173
541,0.384802,0.000196396,0.615001,0.00452367,0.157309,0.838167
540,0.38513,0.000193001,0.614677,0.00448353,0.157355,0.838161
539,0.385458,0.000189652,0.614353,0.0044436,0.157401,0.838155
538,0.385786,0.00018635,0.614028,0.00440388,0.157448,0.838149
537,0.386115,0.000183094,0.613702,0.00436437,0.157494,0.838142
536,0.386444,0.000179883,0.613376,0.00432507,0.157539,0.838135
535,0.386774,0.000176716,0.613049,0.00428599,0.157585,0.838129
534,0.387104,0.000173594,0.612722,0.00424711,0.157631,0.838122
533,0.387435,0.000170516,0.612395,0.00420845,0.157677,0.838115
532,0.387766,0.000167482,0.612067,0.00416999,0.157722,0.838108
531,0.388098,0.00016449,0.611738,0.00413175,0.157768,0.838101
530,0.38843,0.000161541,0.611409,0.00409372,0.157813,0.838093
529,0.388762,0.000158635,0.611079,0.00405589,0.157858,0.838086
528,0.389095,0.00015577,0.610749,0.00401828,0.157904,0.838078
527,0.389429,0.000152946,0.610419,0.00398088,0.157949,0.83807
526,0.389762,0.000150163,0.610087,0.00394368,0.157994,0.838063
525,0.390097,0.000147421,0.609756,0.0039067,0.158039,0.838055
524,0.390432,0.000144719,0.609424,0.00386992,0.158083,0.838047
523,0.390767,0.000142056,0.609091,0.00383336,0.158128,0.838038
522,0.391103,0.000139432,0.608758,0.003797,0.158173,0.83803
521,0.391439,0.000136848,0.608424,0.00376085,0.158217,0.838022
520,0.391776,0.000134301,0.60809,0.00372491,0.158262,0.838013
519,0.392113,0.000131793,0.607755,0.00368918,0.158306,0.838005
518,0.39245,0.000129322,0.60742,0.00365366,0.158351,0.837996
517,0.392789,0.000126888,0.607085,0.00361834,0.158395,0.837987
516,0.393127,0.000124491,0.606748,0.00358324,0.158439,0.837978
515,0.393466,0.000122131,0.606412,0.00354834,0.158483,0.837969
514,0.393806,0.000119806,0.606074,0.00351365,0.158527,0.837959
513,0.394146,0.000117517,0.605737,0.00347916,0.158571,0.83795
512,0.394486,0.000115263,0.605398,0.00344489,0.158615,0.837941
511,0.394827,0.000113043,0.605059,0.00341082,0.158658,0.837931
510,0.395169,0.000110859,0.60472,0.00337695,0.158702,0.837921
509,0.395511,0.000108708,0.60438,0.0033433,0.158745,0.837911
508,0.395853,0.00010659,0.60404,0.00330984,0.158789,0.837901
507,0.396196,0.000104506,0.603699,0.0032766,0.158832,0.837891
506,0.39654,0.000102455,0.603358,0.00324356,0.158875,0.837881
505,0.396884,0.000100436,0.603016,0.00321073,0.158919,0.837871
504,0.397228,9.84488e-05,0.602673,0.0031781,0.158962,0.83786
503,0.397573,9.64936e-05,0.60233,0.00314568,0.159005,0.83785
502,0.397919,9.45698e-05,0.601987,0.00311346,0.159047,0.837839
501,0.398265,9.26769e-05,0.601643,0.00308144,0.15909,0.837828
500,0.398611,9.08147e-05,0.601298,0.00304963,0.159133,0.837817
499,0.398958,8.89827e-05,0.600953,0.00301803,0.159176,0.837806
498,0.399306,8.71805e-05,0.600607,0.00298663,0.159218,0.837795
497,0.399653,8.54078e-05,0.600261,0.00295543,0.159261,0.837784
496,0.400002,8.36644e-05,0.599914,0.00292443,0.159303,0.837773
495,0.400351,8.19497e-05,0.599567,0.00289364,0.159345,0.837761
494,0.4007,8.02635e-05,0.599219,0.00286305,0.159387,0.837749
493,0.40105,7.86053e-05,0.598871,0.00283266,0.15943,0.837738
492,0.401401,7.6975e-05,0.598522,0.00280248,0.159472,0.837726
491,0.401752,7.5372e-05,0.598173,0.00277249,0.159514,0.837714
490,0.402103,7.37962e-05,0.597823,0.00274271,0.159555,0.837702
489,0.402455,7.22471e-05,0.597472,0.00271312,0.159597,0.83769
488,0.402808,7.07244e-05,0.597121,0.00268374,0.159639,0.837677
487,0.403161,6.92277e-05,0.59677,0.00265456,0.15968,0.837665
486,0.403514,6.77568e-05,0.596418,0.00262558,0.159722,0.837652
485,0.403868,6.63113e-05,0.596065,0.0025968,0.159763,0.83764
484,0.404223,6.48909e-05,0.595712,0.00256822,0.159805,0.837627
483,0.404578,6.34952e-05,0.595358,0.00253983,0.159846,0.837614
482,0.404934,6.2124e-05,0.595004,0.00251165,0.159887,0.837601
481,0.40529,6.07769e-05,0.594649,0.00248366,0.159928,0.837588
480,0.405647,5.94536e-05,0.594294,0.00245587,0.159969,0.837575
479,0.406004,5.81538e-05,0.593938,0.00242828,0.16001,0.837562
478,0.406362,5.68772e-05,0.593582,0.00240089,0.160051,0.837548
477,0.40672,5.56235e-05,0.593225,0.00237369,0.160092,0.837535
476,0.407079,5.43923e-05,0.592867,0.00234669,0.160132,0.837521
475,0.407438,5.31834e-05,0.592509,0.00231988,0.160173,0.837507
474,0.407798,5.19964e-05,0.59215,0.00229327,0.160213,0.837493
473,0.408158,5.08311e-05,0.591791,0.00226686,0.160254,0.837479
472,0.408519,4.96871e-05,0.591431,0.00224064,0.160294,0.837465
471,0.40888,4.85643e-05,0.591071,0.00221461,0.160334,0.837451
470,0.409242,4.74622e-05,0.59071,0.00218878,0.160374,0.837437
469,0.409605,4.63806e-05,0.590349,0.00216314,0.160414,0.837422
468,0.409968,4.53191e-05,0.589987,0.00213769,0.160454,0.837408
467,0.410331,4.42776e-05,0.589624,0.00211244,0.160494,0.837393
466,0.410695,4.32558e-05,0.589261,0.00208738,0.160534,0.837379
465,0.41106,4.22533e-05,0.588898,0.00206251,0.160574,0.837364
464,0.411425,4.12698e-05,0.588534,0.00203783,0.160613,0.837349
463,0.411791,4.03052e-05,0.588169,0.00201335,0.160653,0.837334
462,0.412157,3.93591e-05,0.587803,0.00198905,0.160692,0.837319
461,0.412524,3.84313e-05,0.587438,0.00196495,0.160732,0.837303
460,0.412891,3.75214e-05,0.587071,0.00194103,0.160771,0.837288
459,0.413259,3.66293e-05,0.586704,0.0019173,0.16081,0.837272
458,0.413628,3.57546e-05,0.586337,0.00189376,0.160849,0.837257
457,0.413997,3.48972e-05,0.585969,0.00187041,0.160889,0.837241
456,0.414366,3.40567e-05,0.5856,0.00184725,0.160928,0.837225
455,0.414736,3.32329e-05,0.585231,0.00182427,0.160966,0.837209
454,0.415107,3.24255e-05,0.584861,0.00180148,0.161005,0.837193
453,0.415478,3.16343e-05,0.58449,0.00177888,0.161044,0.837177
452,0.41585,3.08591e-05,0.584119,0.00175646,0.161083,0.837161
451,0.416222,3.00995e-05,0.583748,0.00173422,0.161121,0.837145
450,0.416595,2.93554e-05,0.583376,0.00171217,0.16116,0.837128
449,0.416968,2.86266e-05,0.583003,0.00169031,0.161198,0.837112
448,0.417342,2.79126e-05,0.58263,0.00166863,0.161236,0.837095
447,0.417717,2.72135e-05,0.582256,0.00164713,0.161275,0.837078
446,0.418092,2.65288e-05,0.581882,0.00162581,0.161313,0.837061
445,0.418467,2.58584e-05,0.581507,0.00160468,0.161351,0.837044
444,0.418843,2.52021e-05,0.581131,0.00158373,0.161389,0.837027
443,0.41922,2.45595e-05,0.580755,0.00156295,0.161427,0.83701
442,0.419597,2.39306e-05,0.580379,0.00154236,0.161465,0.836993
441,0.419975,2.3315e-05,0.580002,0.00152195,0.161503,0.836975
440,0.420354,2.27126e-05,0.579624,0.00150172,0.16154,0.836958
439,0.420733,2.21231e-05,0.579245,0.00148166,0.161578,0.83694
438,0.421112,2.15463e-05,0.578866,0.00146178,0.161615,0.836923
437,0.421492,2.09821e-05,0.578487,0.00144208,0.161653,0.836905
436,0.421873,2.04301e-05,0.578107,0.00142256,0.16169,0.836887
435,0.422254,1.98902e-05,0.577726,0.00140322,0.161728,0.836869
434,0.422636,1.93622e-05,0.577345,0.00138404,0.161765,0.836851
433,0.423018,1.88459e-05,0.576963,0.00136505,0.161802,0.836833
432,0.423401,1.83411e-05,0.576581,0.00134623,0.161839,0.836815
431,0.423785,1.78475e-05,0.576198,0.00132758,0.161876,0.836796
430,0.424169,1.7365e-05,0.575814,0.0013091,0.161913,0.836778
429,0.424553,1.68935e-05,0.57543,0.0012908,0.16195,0.836759
428,0.424939,1.64326e-05,0.575045,0.00127267,0.161987,0.836741
427,0.425324,1.59822e-05,0.57466,0.00125471,0.162024,0.836722
426,0.425711,1.55421e-05,0.574274,0.00123692,0.16206,0.836703
425,0.426098,1.51122e-05,0.573887,0.0012193,0.162097,0.836684
424,0.426485,1.46923e-05,0.5735,0.00120185,0.162133,0.836665
423,0.426873,1.42821e-05,0.573112,0.00118457,0.16217,0.836646
422,0.427262,1.38815e-05,0.572724,0.00116746,0.162206,0.836627
421,0.427651,1.34903e-05,0.572335,0.00115051,0.162242,0.836607
420,0.428041,1.31083e-05,0.571946,0.00113373,0.162278,0.836588
419,0.428431,1.27355e-05,0.571556,0.00111712,0.162315,0.836568
418,0.428822,1.23715e-05,0.571165,0.00110067,0.162351,0.836549
417,0.429214,1.20163e-05,0.570774,0.00108438,0.162387,0.836529
416,0.429606,1.16696e-05,0.570382,0.00106827,0.162423,0.836509
415,0.429999,1.13314e-05,0.56999,0.00105231,0.162458,0.836489
414,0.430392,1.10014e-05,0.569597,0.00103651,0.162494,0.836469
413,0.430786,1.06795e-05,0.569203,0.00102088,0.16253,0.836449
412,0.431181,1.03655e-05,0.568809,0.00100541,0.162566,0.836429
411,0.431576,1.00593e-05,0.568414,0.0009901,0.162601,0.836409
410,0.431971,9.76066e-06,0.568019,0.000974949,0.162637,0.836388
409,0.432368,9.46954e-06,0.567623,0.000959957,0.162672,0.836368
408,0.432765,9.18574e-06,0.567226,0.000945123,0.162707,0.836347
407,0.433162,8.90912e-06,0.566829,0.000930446,0.162743,0.836327
406,0.43356,8.63954e-06,0.566431,0.000915926,0.162778,0.836306
405,0.433959,8.37684e-06,0.566033,0.000901563,0.162813,0.836285
404,0.434358,8.12089e-06,0.565634,0.000887354,0.162848,0.836265
403,0.434758,7.87156e-06,0.565234,0.0008733,0.162883,0.836244
402,0.435158,7.6287e-06,0.564834,0.0008594,0.162918,0.836222
401,0.435559,7.39218e-06,0.564434,0.000845652,0.162953,0.836201
400,0.435961,7.16187e-06,0.564032,0.000832057,0.162988,0.83618
399,0.436363,6.93764e-06,0.56363,0.000818613,0.163023,0.836159
398,0.436766,6.71936e-06,0.563228,0.00080532,0.163057,0.836137
397,0.437169,6.5069e-06,0.562824,0.000792177,0.163092,0.836116
396,0.437573,6.30014e-06,0.562421,0.000779183,0.163126,0.836094
395,0.437978,6.09896e-06,0.562016,0.000766338,0.163161,0.836073
394,0.438383,5.90323e-06,0.561611,0.00075364,0.163195,0.836051
393,0.438789,5.71284e-06,0.561206,0.000741088,0.16323,0.836029
392,0.439195,5.52766e-06,0.5608,0.000728683,0.163264,0.836007
391,0.439602,5.34759e-06,0.560393,0.000716423,0.163298,0.835985
390,0.44001,5.17252e-06,0.559985,0.000704307,0.163332,0.835963
389,0.440418,5.00232e-06,0.559577,0.000692334,0.163367,0.835941
388,0.440827,4.83689e-06,0.559169,0.000680505,0.163401,0.835919
387,0.441236,4.67612e-06,0.558759,0.000668817,0.163435,0.835897
386,0.441646,4.5199e-06,0.55835,0.00065727,0.163469,0.835874
385,0.442057,4.36814e-06,0.557939,0.000645864,0.163502,0.835852
384,0.442468,4.22072e-06,0.557528,0.000634597,0.163536,0.835829
383,0.44288,4.07755e-06,0.557116,0.000623469,0.16357,0.835806
382,0.443292,3.93853e-06,0.556704,0.000612478,0.163604,0.835784
381,0.443705,3.80356e-06,0.556291,0.000601624,0.163637,0.835761
380,0.444119,3.67254e-06,0.555878,0.000590907,0.163671,0.835738
379,0.444533,3.54538e-06,0.555463,0.000580324,0.163705,0.835715
378,0.444948,3.42199e-06,0.555049,0.000569876,0.163738,0.835692
377,0.445363,3.30227e-06,0.554633,0.000559561,0.163771,0.835669
376,0.44578,3.18615e-06,0.554217,0.000549379,0.163805,0.835646
375,0.446196,3.07352e-06,0.553801,0.000539329,0.163838,0.835623
374,0.446614,2.9643e-06,0.553383,0.00052941,0.163871,0.835599
373,0.447032,2.85842e-06,0.552966,0.00051962,0.163904,0.835576
372,0.44745,2.75577e-06,0.552547,0.00050996,0.163938,0.835552
371,0.447869,2.6563e-06,0.552128,0.000500428,0.163971,0.835529
370,0.448289,2.55991e-06,0.551708,0.000491024,0.164004,0.835505
369,0.44871,2.46652e-06,0.551288,0.000481746,0.164037,0.835482
368,0.449131,2.37606e-06,0.550867,0.000472593,0.16407,0.835458
367,0.449552,2.28846e-06,0.550445,0.000463566,0.164102,0.835434
366,0.449975,2.20363e-06,0.550023,0.000454662,0.164135,0.83541
365,0.450398,2.12151e-06,0.5496,0.000445881,0.164168,0.835386
364,0.450821,2.04203e-06,0.549177,0.000437223,0.164201,0.835362
363,0.451245,1.96511e-06,0.548753,0.000428685,0.164233,0.835338
362,0.45167,1.8907e-06,0.548328,0.000420268,0.164266,0.835314
361,0.452095,1.81871e-06,0.547903,0.00041197,0.164298,0.83529
360,0.452521,1.74909e-06,0.547477,0.00040379,0.164331,0.835265
359,0.452948,1.68177e-06,0.54705,0.000395728,0.164363,0.835241
358,0.453375,1.61668e-06,0.546623,0.000387783,0.164396,0.835216
357,0.453803,1.55378e-06,0.546195,0.000379953,0.164428,0.835192
356,0.454232,1.49299e-06,0.545767,0.000372238,0.16446,0.835167
355,0.454661,1.43426e-06,0.545337,0.000364637,0.164493,0.835143
354,0.455091,1.37752e-06,0.544908,0.000357149,0.164525,0.835118
353,0.455521,1.32273e-06,0.544477,0.000349772,0.164557,0.835093
352,0.455952,1.26983e-06,0.544046,0.000342507,0.164589,0.835068
351,0.456384,1.21876e-06,0.543615,0.000335352,0.164621,0.835043
350,0.456816,1.16948e-06,0.543182,0.000328307,0.164653,0.835018
349,0.457249,1.12192e-06,0.542749,0.000321369,0.164685,0.834993
348,0.457683,1.07604e-06,0.542316,0.000314539,0.164717,0.834968
347,0.458117,1.03179e-06,0.541882,0.000307815,0.164749,0.834943
346,0.458552,9.89119e-07,0.541447,0.000301197,0.164781,0.834918
345,0.458988,9.47982e-07,0.541011,0.000294684,0.164813,0.834893
344,0.459424,9.08334e-07,0.540575,0.000288274,0.164844,0.834867
343,0.459861,8.70128e-07,0.540138,0.000281966,0.164876,0.834842
342,0.460298,8.3332e-07,0.539701,0.000275761,0.164908,0.834816
341,0.460736,7.97869e-07,0.539263,0.000269656,0.16494,0.834791
340,0.461175,7.63731e-07,0.538824,0.000263651,0.164971,0.834765
339,0.461614,7.30866e-07,0.538385,0.000257744,0.165003,0.83474
338,0.462054,6.99234e-07,0.537945,0.000251936,0.165034,0.834714
337,0.462495,6.68797e-07,0.537504,0.000246225,0.165066,0.834688
336,0.462936,6.39516e-07,0.537063,0.00024061,0.165097,0.834662
335,0.463378,6.11354e-07,0.536621,0.00023509,0.165128,0.834636
334,0.463821,5.84276e-07,0.536179,0.000229664,0.16516,0.834611
333,0.464264,5.58246e-07,0.535735,0.000224331,0.165191,0.834585
332,0.464708,5.3323e-07,0.535292,0.000219091,0.165222,0.834558
331,0.465152,5.09195e-07,0.534847,0.000213942,0.165254,0.834532
330,0.465598,4.86108e-07,0.534402,0.000208883,0.165285,0.834506
329,0.466043,4.63937e-07,0.533956,0.000203913,0.165316,0.83448
328,0.46649,4.42653e-07,0.53351,0.000199033,0.165347,0.834454
327,0.466937,4.22224e-07,0.533063,0.000194239,0.165378,0.834427
326,0.467385,4.02622e-07,0.532615,0.000189532,0.165409,0.834401
325,0.467833,3.83818e-07,0.532166,0.000184911,0.16544,0.834375
324,0.468282,3.65785e-07,0.531717,0.000180375,0.165471,0.834348
323,0.468732,3.48496e-07,0.531268,0.000175922,0.165502,0.834322
322,0.469183,3.31925e-07,0.530817,0.000171552,0.165533,0.834295
321,0.469634,3.16046e-07,0.530366,0.000167264,0.165564,0.834269
320,0.470085,3.00835e-07,0.529914,0.000163057,0.165595,0.834242
319,0.470538,2.86269e-07,0.529462,0.000158929,0.165626,0.834215
318,0.470991,2.72323e-07,0.529009,0.000154881,0.165657,0.834188
317,0.471444,2.58975e-07,0.528555,0.000150911,0.165687,0.834162
316,0.471899,2.46204e-07,0.528101,0.000147018,0.165718,0.834135
315,0.472354,2.33987e-07,0.527646,0.000143201,0.165749,0.834108
314,0.47281,2.22306e-07,0.52719,0.00013946,0.16578,0.834081
313,0.473266,2.11138e-07,0.526734,0.000135793,0.16581,0.834054
312,0.473723,2.00466e-07,0.526277,0.000132199,0.165841,0.834027
311,0.474181,1.9027e-07,0.525819,0.000128678,0.165871,0.834
310,0.474639,1.80532e-07,0.525361,0.000125228,0.165902,0.833973
309,0.475098,1.71235e-07,0.524902,0.000121849,0.165933,0.833946
308,0.475558,1.62361e-07,0.524442,0.00011854,0.165963,0.833918
307,0.476018,1.53894e-07,0.523982,0.000115299,0.165994,0.833891
306,0.476479,1.45818e-07,0.523521,0.000112126,0.166024,0.833864
305,0.476941,1.38117e-07,0.523059,0.000109021,0.166054,0.833837
304,0.477403,1.30776e-07,0.522596,0.000105981,0.166085,0.833809
303,0.477866,1.23781e-07,0.522133,0.000103007,0.166115,0.833782
302,0.47833,1.17117e-07,0.52167,0.000100096,0.166146,0.833754
301,0.478795,1.10772e-07,0.521205,9.72493e-05,0.166176,0.833727
300,0.47926,1.04732e-07,0.52074,9.44649e-05,0.166206,0.833699
299,0.479726,9.89848e-08,0.520274,9.1742e-05,0.166237,0.833672
298,0.480192,9.35173e-08,0.519808,8.90797e-05,0.166267,0.833644
297,0.480659,8.83183e-08,0.519341,8.64772e-05,0.166297,0.833616
296,0.481127,8.33763e-08,0.518873,8.39336e-05,0.166327,0.833589
295,0.481595,7.86802e-08,0.518404,8.1448e-05,0.166358,0.833561
294,0.482065,7.42195e-08,0.517935,7.90195e-05,0.166388,0.833533
293,0.482535,6.9984e-08,0.517465,7.66473e-05,0.166418,0.833505
292,0.483005,6.59638e-08,0.516995,7.43305e-05,0.166448,0.833478
291,0.483476,6.21494e-08,0.516524,7.20682e-05,0.166478,0.83345
290,0.483948,5.85317e-08,0.516052,6.98596e-05,0.166508,0.833422
289,0.484421,5.51017e-08,0.515579,6.77038e-05,0.166538,0.833394
288,0.484894,5.18512e-08,0.515106,6.56e-05,0.166569,0.833366
287,0.485368,4.87718e-08,0.514632,6.35473e-05,0.166599,0.833338
286,0.485843,4.58558e-08,0.514157,6.15448e-05,0.166629,0.83331
285,0.486318,4.30956e-08,0.513682,5.95918e-05,0.166659,0.833282
284,0.486795,4.0484e-08,0.513205,5.76875e-05,0.166689,0.833254
283,0.487271,3.80139e-08,0.512729,5.58309e-05,0.166719,0.833225
282,0.487749,3.56786e-08,0.512251,5.40213e-05,0.166749,0.833197
281,0.488227,3.34718e-08,0.511773,5.22578e-05,0.166779,0.833169
280,0.488706,3.13873e-08,0.511294,5.05397e-05,0.166809,0.833141
279,0.489185,2.94191e-08,0.510815,4.88662e-05,0.166839,0.833113
278,0.489666,2.75615e-08,0.510334,4.72364e-05,0.166868,0.833084
277,0.490147,2.58091e-08,0.509853,4.56495e-05,0.166898,0.833056
276,0.490628,2.41567e-08,0.509372,4.41048e-05,0.166928,0.833028
275,0.491111,2.25993e-08,0.508889,4.26016e-05,0.166958,0.832999
274,0.491594,2.1132e-08,0.508406,4.11389e-05,0.166988,0.832971
273,0.492078,1.97504e-08,0.507922,3.97161e-05,0.167018,0.832942
272,0.492562,1.845e-08,0.507438,3.83324e-05,0.167048,0.832914
271,0.493047,1.72265e-08,0.506952,3.6987e-05,0.167078,0.832885
270,0.493533,1.60761e-08,0.506467,3.56793e-05,0.167107,0.832857
269,0.49402,1.49948e-08,0.50598,3.44083e-05,0.167137,0.832828
268,0.494507,1.39791e-08,0.505493,3.31735e-05,0.167167,0.8328
267,0.494996,1.30253e-08,0.505004,3.19741e-05,0.167197,0.832771
266,0.495484,1.21302e-08,0.504516,3.08094e-05,0.167227,0.832743
265,0.495974,1.12906e-08,0.504026,2.96786e-05,0.167256,0.832714
264,0.496464,1.05034e-08,0.503536,2.85811e-05,0.167286,0.832685
263,0.496955,9.7657e-09,0.503045,2.75161e-05,0.167316,0.832657
262,0.497447,9.07484e-09,0.502553,2.6483e-05,0.167346,0.832628
261,0.497939,8.42813e-09,0.502061,2.54811e-05,0.167375,0.832599
260,0.498432,7.82308e-09,0.501568,2.45096e-05,0.167405,0.83257
259,0.498926,7.25732e-09,0.501074,2.3568e-05,0.167435,0.832541
258,0.499421,6.72857e-09,0.500579,2.26555e-05,0.167465,0.832513
257,0.499916,6.23469e-09,0.500084,2.17716e-05,0.167494,0.832484
256,0.500412,5.77364e-09,0.499588,2.09155e-05,0.167524,0.832455
255,0.500909,5.34348e-09,0.499091,2.00867e-05,0.167554,0.832426
254,0.501406,4.94237e-09,0.498594,1.92844e-05,0.167584,0.832397
253,0.501904,4.56857e-09,0.498096,1.85081e-05,0.167613,0.832368
252,0.502403,4.22041e-09,0.497597,1.77572e-05,0.167643,0.832339
251,0.502903,3.89634e-09,0.497097,1.7031e-05,0.167673,0.83231
250,0.503404,3.59486e-09,0.496596,1.63289e-05,0.167702,0.832281
249,0.503905,3.31458e-09,0.496095,1.56504e-05,0.167732,0.832252
248,0.504407,3.05416e-09,0.495593,1.49949e-05,0.167762,0.832223
247,0.504909,2.81234e-09,0.495091,1.43617e-05,0.167791,0.832194
246,0.505413,2.58794e-09,0.494587,1.37504e-05,0.167821,0.832165
245,0.505917,2.37984e-09,0.494083,1.31604e-05,0.167851,0.832136
244,0.506422,2.18698e-09,0.493578,1.2591e-05,0.16788,0.832107
243,0.506927,2.00835e-09,0.493073,1.20418e-05,0.16791,0.832078
242,0.507434,1.84303e-09,0.492566,1.15123e-05,0.16794,0.832049
241,0.507941,1.69011e-09,0.492059,1.10019e-05,0.167969,0.83202
240,0.508449,1.54877e-09,0.491551,1.051e-05,0.167999,0.83199
239,0.508957,1.41821e-09,0.491043,1.00363e-05,0.168029,0.831961
238,0.509466,1.29771e-09,0.490534,9.58009e-06,0.168058,0.831932
237,0.509977,1.18656e-09,0.490023,9.14099e-06,0.168088,0.831903
236,0.510487,1.08411e-09,0.489513,8.71848e-06,0.168118,0.831874
235,0.510999,9.89745e-10,0.489001,8.3121e-06,0.168147,0.831844
234,0.511511,9.02896e-10,0.488489,7.92138e-06,0.168177,0.831815
233,0.512025,8.23022e-10,0.487975,7.54585e-06,0.168207,0.831786
232,0.512538,7.49618e-10,0.487462,7.18506e-06,0.168236,0.831757
231,0.513053,6.82212e-10,0.486947,6.83858e-06,0.168266,0.831727
230,0.513569,6.2036e-10,0.486431,6.50596e-06,0.168296,0.831698
229,0.514085,5.6365e-10,0.485915,6.18677e-06,0.168325,0.831669
228,0.514602,5.11695e-10,0.485398,5.88061e-06,0.168355,0.831639
227,0.515119,4.64136e-10,0.484881,5.58706e-06,0.168384,0.83161
226,0.515638,4.20635e-10,0.484362,5.30572e-06,0.168414,0.831581
225,0.516157,3.80879e-10,0.483843,5.0362e-06,0.168444,0.831551
224,0.516677,3.44577e-10,0.483323,4.7781e-06,0.168473,0.831522
223,0.517198,3.11456e-10,0.482802,4.53107e-06,0.168503,0.831492
222,0.517719,2.81263e-10,0.482281,4.29471e-06,0.168533,0.831463
221,0.518242,2.53764e-10,0.481758,4.06868e-06,0.168562,0.831433
220,0.518765,2.2874e-10,0.481235,3.85262e-06,0.168592,0.831404
219,0.519289,2.0599e-10,0.480711,3.6462e-06,0.168622,0.831375
218,0.519813,1.85324e-10,0.480187,3.44906e-06,0.168651,0.831345
217,0.520339,1.6657e-10,0.479661,3.26088e-06,0.168681,0.831316
216,0.520865,1.49567e-10,0.479135,3.08134e-06,0.168711,0.831286
215,0.521392,1.34166e-10,0.478608,2.91014e-06,0.16874,0.831257
214,0.52192,1.20228e-10,0.47808,2.74695e-06,0.16877,0.831227
213,0.522448,1.07628e-10,0.477552,2.59149e-06,0.1688,0.831198
212,0.522978,9.62487e-11,0.477022,2.44346e-06,0.16883,0.831168
211,0.523508,8.59815e-11,0.476492,2.30259e-06,0.168859,0.831139
210,0.524039,7.67274e-11,0.475961,2.16859e-06,0.168889,0.831109
209,0.524571,6.8395e-11,0.475429,2.04121e-06,0.168919,0.831079
208,0.525103,6.09004e-11,0.474897,1.92017e-06,0.168948,0.83105
207,0.525636,5.41665e-11,0.474364,1.80522e-06,0.168978,0.83102
206,0.52617,4.81226e-11,0.47383,1.69613e-06,0.169008,0.830991
205,0.526705,4.27039e-11,0.473295,1.59265e-06,0.169037,0.830961
204,0.527241,3.78512e-11,0.472759,1.49454e-06,0.169067,0.830931
203,0.527777,3.35102e-11,0.472223,1.40159e-06,0.169097,0.830902
202,0.528315,2.96315e-11,0.471685,1.31357e-06,0.169126,0.830872
201,0.528853,2.61698e-11,0.471147,1.23027e-06,0.169156,0.830843
200,0.529392,2.30839e-11,0.470608,1.15149e-06,0.169186,0.830813
199,0.529931,2.03363e-11,0.470069,1.07703e-06,0.169216,0.830783
198,0.530472,1.78929e-11,0.469528,1.0067e-06,0.169245,0.830754
197,0.531013,1.57227e-11,0.468987,9.403e-07,0.169275,0.830724
196,0.531555,1.37976e-11,0.468445,8.77664e-07,0.169305,0.830694
195,0.532098,1.2092e-11,0.467902,8.18614e-07,0.169335,0.830665
194,0.532642,1.05829e-11,0.467358,7.62982e-07,0.169364,0.830635
193,0.533186,9.24942e-12,0.466814,7.10605e-07,0.169394,0.830605
192,0.533731,8.07266e-12,0.466269,6.61327e-07,0.169424,0.830576
191,0.534277,7.03561e-12,0.465723,6.14998e-07,0.169454,0.830546
190,0.534824,6.12295e-12,0.465176,5.71471e-07,0.169483,0.830516
189,0.535372,5.32087e-12,0.464628,5.30608e-07,0.169513,0.830486
188,0.535921,4.61699e-12,0.464079,4.92273e-07,0.169543,0.830457
187,0.53647,4.00016e-12,0.46353,4.56337e-07,0.169573,0.830427
186,0.53702,3.46042e-12,0.46298,4.22676e-07,0.169602,0.830397
185,0.537571,2.98883e-12,0.462429,3.91169e-07,0.169632,0.830368
184,0.538123,2.57742e-12,0.461877,3.61703e-07,0.169662,0.830338
183,0.538675,2.21905e-12,0.461325,3.34167e-07,0.169692,0.830308
182,0.539228,1.90739e-12,0.460772,3.08455e-07,0.169721,0.830278
181,0.539783,1.63676e-12,0.460217,2.84467e-07,0.169751,0.830249
180,0.540338,1.40215e-12,0.459662,2.62106e-07,0.169781,0.830219
179,0.540893,1.19911e-12,0.459107,2.41279e-07,0.169811,0.830189
178,0.54145,1.02367e-12,0.45855,2.21899e-07,0.16984,0.830159
177,0.542007,8.7234e-13,0.457993,2.0388e-07,0.16987,0.83013
176,0.542566,7.42037e-13,0.457434,1.87141e-07,0.1699,0.8301
175,0.543125,6.30036e-13,0.456875,1.71608e-07,0.16993,0.83007
174,0.543685,5.33937e-13,0.456315,1.57205e-07,0.16996,0.83004
173,0.544245,4.51634e-13,0.455755,1.43863e-07,0.169989,0.830011
172,0.544807,3.81277e-13,0.455193,1.31517e-07,0.170019,0.829981
171,0.545369,3.21245e-13,0.454631,1.20103e-07,0.170049,0.829951
170,0.545932,2.70122e-13,0.454068,1.09561e-07,0.170079,0.829921
169,0.546496,2.2667e-13,0.453504,9.98343e-08,0.170108,0.829891
168,0.547061,1.89813e-13,0.452939,9.08697e-08,0.170138,0.829862
167,0.547626,1.58612e-13,0.452374,8.2616e-08,0.170168,0.829832
166,0.548192,1.32254e-13,0.451808,7.5025e-08,0.170198,0.829802
165,0.54876,1.10034e-13,0.45124,6.80512e-08,0.170228,0.829772
164,0.549328,9.1343e-14,0.450672,6.16514e-08,0.170257,0.829743
163,0.549896,7.56543e-14,0.450104,5.57852e-08,0.170287,0.829713
162,0.550466,6.25151e-14,0.449534,5.04143e-08,0.170317,0.829683
161,0.551036,5.15358e-14,0.448964,4.55027e-08,0.170347,0.829653
160,0.551607,4.23826e-14,0.448393,4.10166e-08,0.170376,0.829624
159,0.552179,3.47697e-14,0.447821,3.6924e-08,0.170406,0.829594
